Control_Family,Family_Name,Main_Control,Control_Name,Related_Controls
AC,Access Control,AC-1,ACCESS CONTROL POLICY AND PROCEDURES,PM-9
AC,Access Control,AC-11,SESSION LOCK,AC-7
AC,Access Control,AC-12,SESSION TERMINATION,SC-10
AC,Access Control,AC-12,SESSION TERMINATION,SC-23
AC,Access Control,AC-14,PERMITTED ACTIONS WITHOUT IDENTIFICATION OR AUTHENTICATION,CP-2
AC,Access Control,AC-14,PERMITTED ACTIONS WITHOUT IDENTIFICATION OR AUTHENTICATION,IA-2
AC,Access Control,AC-17,REMOTE ACCESS,AC-2
AC,Access Control,AC-17,REMOTE ACCESS,AU-2
AC,Access Control,AC-17,REMOTE ACCESS,SC-8
AC,Access Control,AC-17,REMOTE ACCESS,SC-7
AC,Access Control,AC-17,REMOTE ACCESS,AC-6
AC,Access Control,AC-17,REMOTE ACCESS,AC-3
AC,Access Control,AC-17,REMOTE ACCESS,AU-12
AC,Access Control,AC-17,REMOTE ACCESS,SC-12
AC,Access Control,AC-17,REMOTE ACCESS,AC-18
AC,Access Control,AC-17,REMOTE ACCESS,SC-13
AC,Access Control,AC-17,REMOTE ACCESS,AC-19
AC,Access Control,AC-17,REMOTE ACCESS,AC-20
AC,Access Control,AC-17,REMOTE ACCESS,CA-3
AC,Access Control,AC-17,REMOTE ACCESS,CA-7
AC,Access Control,AC-17,REMOTE ACCESS,CM-8
AC,Access Control,AC-17,REMOTE ACCESS,IA-2
AC,Access Control,AC-17,REMOTE ACCESS,IA-3
AC,Access Control,AC-17,REMOTE ACCESS,IA-8
AC,Access Control,AC-17,REMOTE ACCESS,MA-4
AC,Access Control,AC-17,REMOTE ACCESS,PE-17
AC,Access Control,AC-17,REMOTE ACCESS,PL-4
AC,Access Control,AC-17,REMOTE ACCESS,SC-10
AC,Access Control,AC-17,REMOTE ACCESS,SI-4
AC,Access Control,AC-18,WIRELESS ACCESS,AC-2
AC,Access Control,AC-18,WIRELESS ACCESS,SC-8
AC,Access Control,AC-18,WIRELESS ACCESS,AC-19
AC,Access Control,AC-18,WIRELESS ACCESS,AC-3
AC,Access Control,AC-18,WIRELESS ACCESS,PE-19
AC,Access Control,AC-18,WIRELESS ACCESS,AC-3
AC,Access Control,AC-18,WIRELESS ACCESS,SC-13
AC,Access Control,AC-18,WIRELESS ACCESS,SC-15
AC,Access Control,AC-18,WIRELESS ACCESS,AC-17
AC,Access Control,AC-18,WIRELESS ACCESS,AC-19
AC,Access Control,AC-18,WIRELESS ACCESS,CA-3
AC,Access Control,AC-18,WIRELESS ACCESS,CA-7
AC,Access Control,AC-18,WIRELESS ACCESS,CM-8
AC,Access Control,AC-18,WIRELESS ACCESS,IA-2
AC,Access Control,AC-18,WIRELESS ACCESS,IA-3
AC,Access Control,AC-18,WIRELESS ACCESS,IA-8
AC,Access Control,AC-18,WIRELESS ACCESS,PL-4
AC,Access Control,AC-18,WIRELESS ACCESS,SI-4
AC,Access Control,AC-19,ACCESS CONTROL FOR MOBILE DEVICES,AC-3
AC,Access Control,AC-19,ACCESS CONTROL FOR MOBILE DEVICES,MP-5
AC,Access Control,AC-19,ACCESS CONTROL FOR MOBILE DEVICES,AC-7
AC,Access Control,AC-19,ACCESS CONTROL FOR MOBILE DEVICES,SC-13
AC,Access Control,AC-19,ACCESS CONTROL FOR MOBILE DEVICES,AC-18
AC,Access Control,AC-19,ACCESS CONTROL FOR MOBILE DEVICES,SC-28
AC,Access Control,AC-19,ACCESS CONTROL FOR MOBILE DEVICES,AC-20
AC,Access Control,AC-19,ACCESS CONTROL FOR MOBILE DEVICES,CA-9
AC,Access Control,AC-19,ACCESS CONTROL FOR MOBILE DEVICES,CM-2
AC,Access Control,AC-19,ACCESS CONTROL FOR MOBILE DEVICES,IA-2
AC,Access Control,AC-19,ACCESS CONTROL FOR MOBILE DEVICES,IA-3
AC,Access Control,AC-19,ACCESS CONTROL FOR MOBILE DEVICES,MP-2
AC,Access Control,AC-19,ACCESS CONTROL FOR MOBILE DEVICES,MP-4
AC,Access Control,AC-19,ACCESS CONTROL FOR MOBILE DEVICES,MP-5
AC,Access Control,AC-19,ACCESS CONTROL FOR MOBILE DEVICES,PL-4
AC,Access Control,AC-19,ACCESS CONTROL FOR MOBILE DEVICES,SC-7
AC,Access Control,AC-19,ACCESS CONTROL FOR MOBILE DEVICES,SC-43
AC,Access Control,AC-19,ACCESS CONTROL FOR MOBILE DEVICES,SI-3
AC,Access Control,AC-19,ACCESS CONTROL FOR MOBILE DEVICES,SI-4
AC,Access Control,AC-2,ACCOUNT MANAGEMENT,AC-3
AC,Access Control,AC-2,ACCOUNT MANAGEMENT,AU-2
AC,Access Control,AC-2,ACCOUNT MANAGEMENT,SC-23
AC,Access Control,AC-2,ACCOUNT MANAGEMENT,CA-7
AC,Access Control,AC-2,ACCOUNT MANAGEMENT,PS-4
AC,Access Control,AC-2,ACCOUNT MANAGEMENT,AC-4
AC,Access Control,AC-2,ACCOUNT MANAGEMENT,AU-12
AC,Access Control,AC-2,ACCOUNT MANAGEMENT,AC-5
AC,Access Control,AC-2,ACCOUNT MANAGEMENT,AC-6
AC,Access Control,AC-2,ACCOUNT MANAGEMENT,AC-10
AC,Access Control,AC-2,ACCOUNT MANAGEMENT,AC-17
AC,Access Control,AC-2,ACCOUNT MANAGEMENT,AC-19
AC,Access Control,AC-2,ACCOUNT MANAGEMENT,AC-20
AC,Access Control,AC-2,ACCOUNT MANAGEMENT,AU-9
AC,Access Control,AC-2,ACCOUNT MANAGEMENT,IA-2
AC,Access Control,AC-2,ACCOUNT MANAGEMENT,IA-4
AC,Access Control,AC-2,ACCOUNT MANAGEMENT,IA-5
AC,Access Control,AC-2,ACCOUNT MANAGEMENT,IA-8
AC,Access Control,AC-2,ACCOUNT MANAGEMENT,CM-5
AC,Access Control,AC-2,ACCOUNT MANAGEMENT,CM-6
AC,Access Control,AC-2,ACCOUNT MANAGEMENT,CM-11
AC,Access Control,AC-2,ACCOUNT MANAGEMENT,MA-3
AC,Access Control,AC-2,ACCOUNT MANAGEMENT,MA-4
AC,Access Control,AC-2,ACCOUNT MANAGEMENT,MA-5
AC,Access Control,AC-2,ACCOUNT MANAGEMENT,PL-4
AC,Access Control,AC-2,ACCOUNT MANAGEMENT,SC-13
AC,Access Control,AC-20,USE OF EXTERNAL INFORMATION SYSTEMS,AC-3
AC,Access Control,AC-20,USE OF EXTERNAL INFORMATION SYSTEMS,CA-2
AC,Access Control,AC-20,USE OF EXTERNAL INFORMATION SYSTEMS,AC-17
AC,Access Control,AC-20,USE OF EXTERNAL INFORMATION SYSTEMS,AC-19
AC,Access Control,AC-20,USE OF EXTERNAL INFORMATION SYSTEMS,CA-3
AC,Access Control,AC-20,USE OF EXTERNAL INFORMATION SYSTEMS,PL-4
AC,Access Control,AC-20,USE OF EXTERNAL INFORMATION SYSTEMS,SA-9
AC,Access Control,AC-21,INFORMATION SHARING,AC-3
AC,Access Control,AC-22,PUBLICLY ACCESSIBLE CONTENT,AC-3
AC,Access Control,AC-22,PUBLICLY ACCESSIBLE CONTENT,AC-4
AC,Access Control,AC-22,PUBLICLY ACCESSIBLE CONTENT,AT-2
AC,Access Control,AC-22,PUBLICLY ACCESSIBLE CONTENT,AT-3
AC,Access Control,AC-22,PUBLICLY ACCESSIBLE CONTENT,AU-13
AC,Access Control,AC-3,ACCESS ENFORCEMENT,AC-2
AC,Access Control,AC-3,ACCESS ENFORCEMENT,AC-4
AC,Access Control,AC-3,ACCESS ENFORCEMENT,AC-5
AC,Access Control,AC-3,ACCESS ENFORCEMENT,AC-6
AC,Access Control,AC-3,ACCESS ENFORCEMENT,AC-16
AC,Access Control,AC-3,ACCESS ENFORCEMENT,AC-17
AC,Access Control,AC-3,ACCESS ENFORCEMENT,AC-18
AC,Access Control,AC-3,ACCESS ENFORCEMENT,AC-19
AC,Access Control,AC-3,ACCESS ENFORCEMENT,AC-20
AC,Access Control,AC-3,ACCESS ENFORCEMENT,AC-21
AC,Access Control,AC-3,ACCESS ENFORCEMENT,AC-22
AC,Access Control,AC-3,ACCESS ENFORCEMENT,AU-9
AC,Access Control,AC-3,ACCESS ENFORCEMENT,CM-5
AC,Access Control,AC-3,ACCESS ENFORCEMENT,CM-6
AC,Access Control,AC-3,ACCESS ENFORCEMENT,CM-11
AC,Access Control,AC-3,ACCESS ENFORCEMENT,MA-3
AC,Access Control,AC-3,ACCESS ENFORCEMENT,MA-4
AC,Access Control,AC-3,ACCESS ENFORCEMENT,MA-5
AC,Access Control,AC-3,ACCESS ENFORCEMENT,PE-3
AC,Access Control,AC-4,INFORMATION FLOW ENFORCEMENT,AC-3
AC,Access Control,AC-4,INFORMATION FLOW ENFORCEMENT,AC-17
AC,Access Control,AC-4,INFORMATION FLOW ENFORCEMENT,AC-19
AC,Access Control,AC-4,INFORMATION FLOW ENFORCEMENT,AC-21
AC,Access Control,AC-4,INFORMATION FLOW ENFORCEMENT,CM-6
AC,Access Control,AC-4,INFORMATION FLOW ENFORCEMENT,CM-7
AC,Access Control,AC-4,INFORMATION FLOW ENFORCEMENT,SA-8
AC,Access Control,AC-4,INFORMATION FLOW ENFORCEMENT,SC-2
AC,Access Control,AC-4,INFORMATION FLOW ENFORCEMENT,SC-5
AC,Access Control,AC-4,INFORMATION FLOW ENFORCEMENT,SC-7
AC,Access Control,AC-4,INFORMATION FLOW ENFORCEMENT,SC-18
AC,Access Control,AC-5,SEPARATION OF DUTIES,AC-3
AC,Access Control,AC-5,SEPARATION OF DUTIES,AC-6
AC,Access Control,AC-5,SEPARATION OF DUTIES,PE-3
AC,Access Control,AC-5,SEPARATION OF DUTIES,PE-4
AC,Access Control,AC-5,SEPARATION OF DUTIES,PS-2
AC,Access Control,AC-6,LEAST PRIVILEGE,AC-2
AC,Access Control,AC-6,LEAST PRIVILEGE,AC-17
AC,Access Control,AC-6,LEAST PRIVILEGE,PL-4
AC,Access Control,AC-6,LEAST PRIVILEGE,AC-17
AC,Access Control,AC-6,LEAST PRIVILEGE,CM-6
AC,Access Control,AC-6,LEAST PRIVILEGE,CA-7
AC,Access Control,AC-6,LEAST PRIVILEGE,AU-2
AC,Access Control,AC-6,LEAST PRIVILEGE,AC-3
AC,Access Control,AC-6,LEAST PRIVILEGE,AC-18
AC,Access Control,AC-6,LEAST PRIVILEGE,AC-5
AC,Access Control,AC-6,LEAST PRIVILEGE,AC-19
AC,Access Control,AC-6,LEAST PRIVILEGE,CM-6
AC,Access Control,AC-6,LEAST PRIVILEGE,CM-7
AC,Access Control,AC-6,LEAST PRIVILEGE,PL-2
AC,Access Control,AC-7,UNSUCCESSFUL LOGON ATTEMPTS,AC-2
AC,Access Control,AC-7,UNSUCCESSFUL LOGON ATTEMPTS,AC-19
AC,Access Control,AC-7,UNSUCCESSFUL LOGON ATTEMPTS,AC-9
AC,Access Control,AC-7,UNSUCCESSFUL LOGON ATTEMPTS,MP-5
AC,Access Control,AC-7,UNSUCCESSFUL LOGON ATTEMPTS,AC-14
AC,Access Control,AC-7,UNSUCCESSFUL LOGON ATTEMPTS,MP-6
AC,Access Control,AC-7,UNSUCCESSFUL LOGON ATTEMPTS,IA-5
AC,Access Control,AC-7,UNSUCCESSFUL LOGON ATTEMPTS,SC-13
AT,Awareness and Training,AT-1,SECURITY AWARENESS AND TRAINING POLICY AND PROCEDURES,PM-9
AT,Awareness and Training,AT-2,SECURITY AWARENESS TRAINING,AT-3
AT,Awareness and Training,AT-2,SECURITY AWARENESS TRAINING,PL-4
AT,Awareness and Training,AT-2,SECURITY AWARENESS TRAINING,AT-4
AT,Awareness and Training,AT-2,SECURITY AWARENESS TRAINING,PM-12
AT,Awareness and Training,AT-2,SECURITY AWARENESS TRAINING,PL-4
AT,Awareness and Training,AT-2,SECURITY AWARENESS TRAINING,PS-3
AT,Awareness and Training,AT-2,SECURITY AWARENESS TRAINING,PS-6
AT,Awareness and Training,AT-3,ROLE-BASED SECURITY TRAINING,AT-2
AT,Awareness and Training,AT-3,ROLE-BASED SECURITY TRAINING,AT-4
AT,Awareness and Training,AT-3,ROLE-BASED SECURITY TRAINING,PL-4
AT,Awareness and Training,AT-3,ROLE-BASED SECURITY TRAINING,PS-7
AT,Awareness and Training,AT-3,ROLE-BASED SECURITY TRAINING,SA-3
AT,Awareness and Training,AT-3,ROLE-BASED SECURITY TRAINING,SA-12
AT,Awareness and Training,AT-3,ROLE-BASED SECURITY TRAINING,SA-16
AT,Awareness and Training,AT-4,SECURITY TRAINING RECORDS,AT-2
AT,Awareness and Training,AT-4,SECURITY TRAINING RECORDS,AT-3
AT,Awareness and Training,AT-4,SECURITY TRAINING RECORDS,PM-14
AU,Audit and Accountability,AU-1,AUDIT AND ACCOUNTABILITY POLICY AND PROCEDURES,PM-9
AU,Audit and Accountability,AU-10,NON-REPUDIATION,SC-12
AU,Audit and Accountability,AU-10,NON-REPUDIATION,SC-8
AU,Audit and Accountability,AU-10,NON-REPUDIATION,SC-13
AU,Audit and Accountability,AU-10,NON-REPUDIATION,SC-16
AU,Audit and Accountability,AU-10,NON-REPUDIATION,SC-17
AU,Audit and Accountability,AU-10,NON-REPUDIATION,SC-23
AU,Audit and Accountability,AU-11,AUDIT RECORD RETENTION,AU-4
AU,Audit and Accountability,AU-11,AUDIT RECORD RETENTION,AU-5
AU,Audit and Accountability,AU-11,AUDIT RECORD RETENTION,AU-9
AU,Audit and Accountability,AU-11,AUDIT RECORD RETENTION,MP-6
AU,Audit and Accountability,AU-12,AUDIT GENERATION,AC-3
AU,Audit and Accountability,AU-12,AUDIT GENERATION,AU-8
AU,Audit and Accountability,AU-12,AUDIT GENERATION,AU-7
AU,Audit and Accountability,AU-12,AUDIT GENERATION,AU-2
AU,Audit and Accountability,AU-12,AUDIT GENERATION,AU-12
AU,Audit and Accountability,AU-12,AUDIT GENERATION,AU-3
AU,Audit and Accountability,AU-12,AUDIT GENERATION,AU-6
AU,Audit and Accountability,AU-12,AUDIT GENERATION,AU-7
AU,Audit and Accountability,AU-2,AUDIT EVENTS,AC-6
AU,Audit and Accountability,AU-2,AUDIT EVENTS,AC-17
AU,Audit and Accountability,AU-2,AUDIT EVENTS,AU-3
AU,Audit and Accountability,AU-2,AUDIT EVENTS,AU-12
AU,Audit and Accountability,AU-2,AUDIT EVENTS,MA-4
AU,Audit and Accountability,AU-2,AUDIT EVENTS,MP-2
AU,Audit and Accountability,AU-2,AUDIT EVENTS,MP-4
AU,Audit and Accountability,AU-2,AUDIT EVENTS,SI-4
AU,Audit and Accountability,AU-3,CONTENT OF AUDIT RECORDS,AU-2
AU,Audit and Accountability,AU-3,CONTENT OF AUDIT RECORDS,AU-6
AU,Audit and Accountability,AU-3,CONTENT OF AUDIT RECORDS,AU-8
AU,Audit and Accountability,AU-3,CONTENT OF AUDIT RECORDS,AU-7
AU,Audit and Accountability,AU-3,CONTENT OF AUDIT RECORDS,AU-12
AU,Audit and Accountability,AU-3,CONTENT OF AUDIT RECORDS,SI-11
AU,Audit and Accountability,AU-4,AUDIT STORAGE CAPACITY,AU-2
AU,Audit and Accountability,AU-4,AUDIT STORAGE CAPACITY,AU-5
AU,Audit and Accountability,AU-4,AUDIT STORAGE CAPACITY,AU-6
AU,Audit and Accountability,AU-4,AUDIT STORAGE CAPACITY,AU-7
AU,Audit and Accountability,AU-4,AUDIT STORAGE CAPACITY,AU-11
AU,Audit and Accountability,AU-4,AUDIT STORAGE CAPACITY,SI-4
AU,Audit and Accountability,AU-5,RESPONSE TO AUDIT PROCESSING FAILURES,AU-4
AU,Audit and Accountability,AU-5,RESPONSE TO AUDIT PROCESSING FAILURES,SI-12
AU,Audit and Accountability,AU-6,"AUDIT REVIEW, ANALYSIS, AND REPORTING",AC-2
AU,Audit and Accountability,AU-6,"AUDIT REVIEW, ANALYSIS, AND REPORTING",AU-12
AU,Audit and Accountability,AU-6,"AUDIT REVIEW, ANALYSIS, AND REPORTING",AU-12
AU,Audit and Accountability,AU-6,"AUDIT REVIEW, ANALYSIS, AND REPORTING",AU-2
AU,Audit and Accountability,AU-6,"AUDIT REVIEW, ANALYSIS, AND REPORTING",AU-12
AU,Audit and Accountability,AU-6,"AUDIT REVIEW, ANALYSIS, AND REPORTING",AC-3
AU,Audit and Accountability,AU-6,"AUDIT REVIEW, ANALYSIS, AND REPORTING",PM-7
AU,Audit and Accountability,AU-6,"AUDIT REVIEW, ANALYSIS, AND REPORTING",IR-4
AU,Audit and Accountability,AU-6,"AUDIT REVIEW, ANALYSIS, AND REPORTING",AU-12
AU,Audit and Accountability,AU-6,"AUDIT REVIEW, ANALYSIS, AND REPORTING",IR-4
AU,Audit and Accountability,AU-6,"AUDIT REVIEW, ANALYSIS, AND REPORTING",AC-6
AU,Audit and Accountability,AU-6,"AUDIT REVIEW, ANALYSIS, AND REPORTING",RA-5
AU,Audit and Accountability,AU-6,"AUDIT REVIEW, ANALYSIS, AND REPORTING",AC-17
AU,Audit and Accountability,AU-6,"AUDIT REVIEW, ANALYSIS, AND REPORTING",AT-3
AU,Audit and Accountability,AU-6,"AUDIT REVIEW, ANALYSIS, AND REPORTING",AU-7
AU,Audit and Accountability,AU-6,"AUDIT REVIEW, ANALYSIS, AND REPORTING",AU-16
AU,Audit and Accountability,AU-6,"AUDIT REVIEW, ANALYSIS, AND REPORTING",CA-7
AU,Audit and Accountability,AU-6,"AUDIT REVIEW, ANALYSIS, AND REPORTING",CM-5
AU,Audit and Accountability,AU-6,"AUDIT REVIEW, ANALYSIS, AND REPORTING",CM-10
AU,Audit and Accountability,AU-6,"AUDIT REVIEW, ANALYSIS, AND REPORTING",CM-11
AU,Audit and Accountability,AU-6,"AUDIT REVIEW, ANALYSIS, AND REPORTING",IA-3
AU,Audit and Accountability,AU-6,"AUDIT REVIEW, ANALYSIS, AND REPORTING",IA-5
AU,Audit and Accountability,AU-6,"AUDIT REVIEW, ANALYSIS, AND REPORTING",IR-5
AU,Audit and Accountability,AU-6,"AUDIT REVIEW, ANALYSIS, AND REPORTING",IR-6
AU,Audit and Accountability,AU-6,"AUDIT REVIEW, ANALYSIS, AND REPORTING",MA-4
AU,Audit and Accountability,AU-6,"AUDIT REVIEW, ANALYSIS, AND REPORTING",MP-4
AU,Audit and Accountability,AU-6,"AUDIT REVIEW, ANALYSIS, AND REPORTING",PE-3
AU,Audit and Accountability,AU-6,"AUDIT REVIEW, ANALYSIS, AND REPORTING",PE-6
AU,Audit and Accountability,AU-6,"AUDIT REVIEW, ANALYSIS, AND REPORTING",PE-14
AU,Audit and Accountability,AU-6,"AUDIT REVIEW, ANALYSIS, AND REPORTING",PE-16
AU,Audit and Accountability,AU-6,"AUDIT REVIEW, ANALYSIS, AND REPORTING",RA-5
AU,Audit and Accountability,AU-6,"AUDIT REVIEW, ANALYSIS, AND REPORTING",SC-7
AU,Audit and Accountability,AU-6,"AUDIT REVIEW, ANALYSIS, AND REPORTING",SC-18
AU,Audit and Accountability,AU-6,"AUDIT REVIEW, ANALYSIS, AND REPORTING",SC-19
AU,Audit and Accountability,AU-6,"AUDIT REVIEW, ANALYSIS, AND REPORTING",SI-3
AU,Audit and Accountability,AU-6,"AUDIT REVIEW, ANALYSIS, AND REPORTING",SI-4
AU,Audit and Accountability,AU-6,"AUDIT REVIEW, ANALYSIS, AND REPORTING",SI-7
AU,Audit and Accountability,AU-7,AUDIT REDUCTION AND REPORT GENERATION,AU-6
AU,Audit and Accountability,AU-7,AUDIT REDUCTION AND REPORT GENERATION,AU-2
AU,Audit and Accountability,AU-7,AUDIT REDUCTION AND REPORT GENERATION,AU-12
AU,Audit and Accountability,AU-8,TIME STAMPS,AU-3
AU,Audit and Accountability,AU-8,TIME STAMPS,AU-12
AU,Audit and Accountability,AU-9,PROTECTION OF AUDIT INFORMATION,AC-3
AU,Audit and Accountability,AU-9,PROTECTION OF AUDIT INFORMATION,AU-4
AU,Audit and Accountability,AU-9,PROTECTION OF AUDIT INFORMATION,AU-10
AU,Audit and Accountability,AU-9,PROTECTION OF AUDIT INFORMATION,AC-5
AU,Audit and Accountability,AU-9,PROTECTION OF AUDIT INFORMATION,AC-6
AU,Audit and Accountability,AU-9,PROTECTION OF AUDIT INFORMATION,AU-5
AU,Audit and Accountability,AU-9,PROTECTION OF AUDIT INFORMATION,SC-12
AU,Audit and Accountability,AU-9,PROTECTION OF AUDIT INFORMATION,MP-2
AU,Audit and Accountability,AU-9,PROTECTION OF AUDIT INFORMATION,AU-11
AU,Audit and Accountability,AU-9,PROTECTION OF AUDIT INFORMATION,SC-13
AU,Audit and Accountability,AU-9,PROTECTION OF AUDIT INFORMATION,MP-4
AU,Audit and Accountability,AU-9,PROTECTION OF AUDIT INFORMATION,PE-2
AU,Audit and Accountability,AU-9,PROTECTION OF AUDIT INFORMATION,PE-3
AU,Audit and Accountability,AU-9,PROTECTION OF AUDIT INFORMATION,PE-6
CA,Security Assessment and Authorization,CA-1,SECURITY ASSESSMENT AND AUTHORIZATION POLICY AND PROCEDURES,PM-9
CA,Security Assessment and Authorization,CA-2,SECURITY ASSESSMENTS,CA-5
CA,Security Assessment and Authorization,CA-2,SECURITY ASSESSMENTS,PE-3
CA,Security Assessment and Authorization,CA-2,SECURITY ASSESSMENTS,CA-6
CA,Security Assessment and Authorization,CA-2,SECURITY ASSESSMENTS,SI-2
CA,Security Assessment and Authorization,CA-2,SECURITY ASSESSMENTS,CA-7
CA,Security Assessment and Authorization,CA-2,SECURITY ASSESSMENTS,PM-9
CA,Security Assessment and Authorization,CA-2,SECURITY ASSESSMENTS,RA-5
CA,Security Assessment and Authorization,CA-2,SECURITY ASSESSMENTS,SA-11
CA,Security Assessment and Authorization,CA-2,SECURITY ASSESSMENTS,SA-12
CA,Security Assessment and Authorization,CA-2,SECURITY ASSESSMENTS,SI-4
CA,Security Assessment and Authorization,CA-3,SYSTEM INTERCONNECTIONS,AC-3
CA,Security Assessment and Authorization,CA-3,SYSTEM INTERCONNECTIONS,CM-7
CA,Security Assessment and Authorization,CA-3,SYSTEM INTERCONNECTIONS,AC-4
CA,Security Assessment and Authorization,CA-3,SYSTEM INTERCONNECTIONS,AC-20
CA,Security Assessment and Authorization,CA-3,SYSTEM INTERCONNECTIONS,AU-2
CA,Security Assessment and Authorization,CA-3,SYSTEM INTERCONNECTIONS,AU-12
CA,Security Assessment and Authorization,CA-3,SYSTEM INTERCONNECTIONS,AU-16
CA,Security Assessment and Authorization,CA-3,SYSTEM INTERCONNECTIONS,CA-7
CA,Security Assessment and Authorization,CA-3,SYSTEM INTERCONNECTIONS,IA-3
CA,Security Assessment and Authorization,CA-3,SYSTEM INTERCONNECTIONS,SA-9
CA,Security Assessment and Authorization,CA-3,SYSTEM INTERCONNECTIONS,SC-7
CA,Security Assessment and Authorization,CA-3,SYSTEM INTERCONNECTIONS,SI-4
CA,Security Assessment and Authorization,CA-5,PLAN OF ACTION AND MILESTONES,CA-2
CA,Security Assessment and Authorization,CA-5,PLAN OF ACTION AND MILESTONES,CA-7
CA,Security Assessment and Authorization,CA-5,PLAN OF ACTION AND MILESTONES,CM-4
CA,Security Assessment and Authorization,CA-5,PLAN OF ACTION AND MILESTONES,PM-4
CA,Security Assessment and Authorization,CA-6,SECURITY AUTHORIZATION,CA-2
CA,Security Assessment and Authorization,CA-6,SECURITY AUTHORIZATION,CA-7
CA,Security Assessment and Authorization,CA-6,SECURITY AUTHORIZATION,PM-9
CA,Security Assessment and Authorization,CA-6,SECURITY AUTHORIZATION,PM-10
CA,Security Assessment and Authorization,CA-7,CONTINUOUS MONITORING,CA-2
CA,Security Assessment and Authorization,CA-7,CONTINUOUS MONITORING,CA-5
CA,Security Assessment and Authorization,CA-7,CONTINUOUS MONITORING,CA-6
CA,Security Assessment and Authorization,CA-7,CONTINUOUS MONITORING,CM-3
CA,Security Assessment and Authorization,CA-7,CONTINUOUS MONITORING,CM-4
CA,Security Assessment and Authorization,CA-7,CONTINUOUS MONITORING,PM-6
CA,Security Assessment and Authorization,CA-7,CONTINUOUS MONITORING,PM-9
CA,Security Assessment and Authorization,CA-7,CONTINUOUS MONITORING,RA-5
CA,Security Assessment and Authorization,CA-7,CONTINUOUS MONITORING,SA-11
CA,Security Assessment and Authorization,CA-7,CONTINUOUS MONITORING,SA-12
CA,Security Assessment and Authorization,CA-7,CONTINUOUS MONITORING,SI-2
CA,Security Assessment and Authorization,CA-7,CONTINUOUS MONITORING,SI-4
CA,Security Assessment and Authorization,CA-8,PENETRATION TESTING,SA-12
CA,Security Assessment and Authorization,CA-8,PENETRATION TESTING,CA-2
CA,Security Assessment and Authorization,CA-9,INTERNAL SYSTEM CONNECTIONS,AC-3
CA,Security Assessment and Authorization,CA-9,INTERNAL SYSTEM CONNECTIONS,AC-4
CA,Security Assessment and Authorization,CA-9,INTERNAL SYSTEM CONNECTIONS,AC-18
CA,Security Assessment and Authorization,CA-9,INTERNAL SYSTEM CONNECTIONS,AC-19
CA,Security Assessment and Authorization,CA-9,INTERNAL SYSTEM CONNECTIONS,AU-2
CA,Security Assessment and Authorization,CA-9,INTERNAL SYSTEM CONNECTIONS,AU-12
CA,Security Assessment and Authorization,CA-9,INTERNAL SYSTEM CONNECTIONS,CA-7
CA,Security Assessment and Authorization,CA-9,INTERNAL SYSTEM CONNECTIONS,CM-2
CA,Security Assessment and Authorization,CA-9,INTERNAL SYSTEM CONNECTIONS,IA-3
CA,Security Assessment and Authorization,CA-9,INTERNAL SYSTEM CONNECTIONS,SC-7
CA,Security Assessment and Authorization,CA-9,INTERNAL SYSTEM CONNECTIONS,SI-4
CM,Configuration Management,CM-1,CONFIGURATION MANAGEMENT POLICY AND PROCEDURES,PM-9
CM,Configuration Management,CM-10,SOFTWARE USAGE RESTRICTIONS,AC-17
CM,Configuration Management,CM-10,SOFTWARE USAGE RESTRICTIONS,CM-8
CM,Configuration Management,CM-10,SOFTWARE USAGE RESTRICTIONS,SC-7
CM,Configuration Management,CM-11,USER-INSTALLED SOFTWARE,AC-3
CM,Configuration Management,CM-11,USER-INSTALLED SOFTWARE,CA-7
CM,Configuration Management,CM-11,USER-INSTALLED SOFTWARE,CM-2
CM,Configuration Management,CM-11,USER-INSTALLED SOFTWARE,SI-4
CM,Configuration Management,CM-11,USER-INSTALLED SOFTWARE,CM-3
CM,Configuration Management,CM-11,USER-INSTALLED SOFTWARE,CM-5
CM,Configuration Management,CM-11,USER-INSTALLED SOFTWARE,CM-6
CM,Configuration Management,CM-11,USER-INSTALLED SOFTWARE,CM-7
CM,Configuration Management,CM-11,USER-INSTALLED SOFTWARE,PL-4
CM,Configuration Management,CM-2,BASELINE CONFIGURATION,CM-3
CM,Configuration Management,CM-2,BASELINE CONFIGURATION,CM-5
CM,Configuration Management,CM-2,BASELINE CONFIGURATION,CM-7
CM,Configuration Management,CM-2,BASELINE CONFIGURATION,CM-6
CM,Configuration Management,CM-2,BASELINE CONFIGURATION,RA-5
CM,Configuration Management,CM-2,BASELINE CONFIGURATION,CM-8
CM,Configuration Management,CM-2,BASELINE CONFIGURATION,CM-9
CM,Configuration Management,CM-2,BASELINE CONFIGURATION,SA-10
CM,Configuration Management,CM-2,BASELINE CONFIGURATION,PM-5
CM,Configuration Management,CM-2,BASELINE CONFIGURATION,PM-7
CM,Configuration Management,CM-3,CONFIGURATION CHANGE CONTROL,CA-7
CM,Configuration Management,CM-3,CONFIGURATION CHANGE CONTROL,SC-13
CM,Configuration Management,CM-3,CONFIGURATION CHANGE CONTROL,CM-2
CM,Configuration Management,CM-3,CONFIGURATION CHANGE CONTROL,CM-4
CM,Configuration Management,CM-3,CONFIGURATION CHANGE CONTROL,CM-5
CM,Configuration Management,CM-3,CONFIGURATION CHANGE CONTROL,CM-6
CM,Configuration Management,CM-3,CONFIGURATION CHANGE CONTROL,CM-9
CM,Configuration Management,CM-3,CONFIGURATION CHANGE CONTROL,SA-10
CM,Configuration Management,CM-3,CONFIGURATION CHANGE CONTROL,SI-2
CM,Configuration Management,CM-3,CONFIGURATION CHANGE CONTROL,SI-12
CM,Configuration Management,CM-4,SECURITY IMPACT ANALYSIS,CA-2
CM,Configuration Management,CM-4,SECURITY IMPACT ANALYSIS,SA-11
CM,Configuration Management,CM-4,SECURITY IMPACT ANALYSIS,CA-7
CM,Configuration Management,CM-4,SECURITY IMPACT ANALYSIS,SC-3
CM,Configuration Management,CM-4,SECURITY IMPACT ANALYSIS,CM-3
CM,Configuration Management,CM-4,SECURITY IMPACT ANALYSIS,SC-7
CM,Configuration Management,CM-4,SECURITY IMPACT ANALYSIS,CM-9
CM,Configuration Management,CM-4,SECURITY IMPACT ANALYSIS,SA-4
CM,Configuration Management,CM-4,SECURITY IMPACT ANALYSIS,SA-5
CM,Configuration Management,CM-4,SECURITY IMPACT ANALYSIS,SA-10
CM,Configuration Management,CM-4,SECURITY IMPACT ANALYSIS,SI-2
CM,Configuration Management,CM-5,ACCESS RESTRICTIONS FOR CHANGE,AC-3
CM,Configuration Management,CM-5,ACCESS RESTRICTIONS FOR CHANGE,AU-2
CM,Configuration Management,CM-5,ACCESS RESTRICTIONS FOR CHANGE,AU-6
CM,Configuration Management,CM-5,ACCESS RESTRICTIONS FOR CHANGE,CM-7
CM,Configuration Management,CM-5,ACCESS RESTRICTIONS FOR CHANGE,AC-2
CM,Configuration Management,CM-5,ACCESS RESTRICTIONS FOR CHANGE,AC-6
CM,Configuration Management,CM-5,ACCESS RESTRICTIONS FOR CHANGE,AU-12
CM,Configuration Management,CM-5,ACCESS RESTRICTIONS FOR CHANGE,AU-7
CM,Configuration Management,CM-5,ACCESS RESTRICTIONS FOR CHANGE,SC-13
CM,Configuration Management,CM-5,ACCESS RESTRICTIONS FOR CHANGE,PE-3
CM,Configuration Management,CM-5,ACCESS RESTRICTIONS FOR CHANGE,AU-6
CM,Configuration Management,CM-5,ACCESS RESTRICTIONS FOR CHANGE,CM-3
CM,Configuration Management,CM-5,ACCESS RESTRICTIONS FOR CHANGE,SI-7
CM,Configuration Management,CM-5,ACCESS RESTRICTIONS FOR CHANGE,CM-3
CM,Configuration Management,CM-5,ACCESS RESTRICTIONS FOR CHANGE,CM-5
CM,Configuration Management,CM-5,ACCESS RESTRICTIONS FOR CHANGE,CM-6
CM,Configuration Management,CM-5,ACCESS RESTRICTIONS FOR CHANGE,PE-6
CM,Configuration Management,CM-5,ACCESS RESTRICTIONS FOR CHANGE,PE-8
CM,Configuration Management,CM-6,CONFIGURATION SETTINGS,AC-19
CM,Configuration Management,CM-6,CONFIGURATION SETTINGS,CA-7
CM,Configuration Management,CM-6,CONFIGURATION SETTINGS,IR-4
CM,Configuration Management,CM-6,CONFIGURATION SETTINGS,CM-2
CM,Configuration Management,CM-6,CONFIGURATION SETTINGS,CM-4
CM,Configuration Management,CM-6,CONFIGURATION SETTINGS,SI-7
CM,Configuration Management,CM-6,CONFIGURATION SETTINGS,CM-3
CM,Configuration Management,CM-6,CONFIGURATION SETTINGS,CM-7
CM,Configuration Management,CM-6,CONFIGURATION SETTINGS,SI-4
CM,Configuration Management,CM-7,LEAST FUNCTIONALITY,AC-6
CM,Configuration Management,CM-7,LEAST FUNCTIONALITY,AC-18
CM,Configuration Management,CM-7,LEAST FUNCTIONALITY,CM-8
CM,Configuration Management,CM-7,LEAST FUNCTIONALITY,CM-2
CM,Configuration Management,CM-7,LEAST FUNCTIONALITY,CM-2
CM,Configuration Management,CM-7,LEAST FUNCTIONALITY,CM-7
CM,Configuration Management,CM-7,LEAST FUNCTIONALITY,PM-5
CM,Configuration Management,CM-7,LEAST FUNCTIONALITY,CM-6
CM,Configuration Management,CM-7,LEAST FUNCTIONALITY,RA-5
CM,Configuration Management,CM-7,LEAST FUNCTIONALITY,IA-2
CM,Configuration Management,CM-7,LEAST FUNCTIONALITY,CM-8
CM,Configuration Management,CM-7,LEAST FUNCTIONALITY,SA-5
CM,Configuration Management,CM-7,LEAST FUNCTIONALITY,PM-5
CM,Configuration Management,CM-7,LEAST FUNCTIONALITY,SC-7
CM,Configuration Management,CM-7,LEAST FUNCTIONALITY,SA-10
CM,Configuration Management,CM-7,LEAST FUNCTIONALITY,SC-34
CM,Configuration Management,CM-7,LEAST FUNCTIONALITY,SI-7
CM,Configuration Management,CM-8,INFORMATION SYSTEM COMPONENT INVENTORY,CM-2
CM,Configuration Management,CM-8,INFORMATION SYSTEM COMPONENT INVENTORY,SI-7
CM,Configuration Management,CM-8,INFORMATION SYSTEM COMPONENT INVENTORY,AC-17
CM,Configuration Management,CM-8,INFORMATION SYSTEM COMPONENT INVENTORY,CM-6
CM,Configuration Management,CM-8,INFORMATION SYSTEM COMPONENT INVENTORY,AC-18
CM,Configuration Management,CM-8,INFORMATION SYSTEM COMPONENT INVENTORY,PM-5
CM,Configuration Management,CM-8,INFORMATION SYSTEM COMPONENT INVENTORY,AC-19
CM,Configuration Management,CM-8,INFORMATION SYSTEM COMPONENT INVENTORY,CA-7
CM,Configuration Management,CM-8,INFORMATION SYSTEM COMPONENT INVENTORY,SI-3
CM,Configuration Management,CM-8,INFORMATION SYSTEM COMPONENT INVENTORY,SI-4
CM,Configuration Management,CM-8,INFORMATION SYSTEM COMPONENT INVENTORY,SI-7
CM,Configuration Management,CM-8,INFORMATION SYSTEM COMPONENT INVENTORY,RA-5
CM,Configuration Management,CM-9,CONFIGURATION MANAGEMENT PLAN,CM-2
CM,Configuration Management,CM-9,CONFIGURATION MANAGEMENT PLAN,CM-3
CM,Configuration Management,CM-9,CONFIGURATION MANAGEMENT PLAN,CM-4
CM,Configuration Management,CM-9,CONFIGURATION MANAGEMENT PLAN,CM-5
CM,Configuration Management,CM-9,CONFIGURATION MANAGEMENT PLAN,CM-8
CM,Configuration Management,CM-9,CONFIGURATION MANAGEMENT PLAN,SA-10
CP,Contingency Planning,CP-1,CONTINGENCY PLANNING POLICY AND PROCEDURES,PM-9
CP,Contingency Planning,CP-10,INFORMATION SYSTEM RECOVERY AND RECONSTITUTION,CA-2
CP,Contingency Planning,CP-10,INFORMATION SYSTEM RECOVERY AND RECONSTITUTION,CM-2
CP,Contingency Planning,CP-10,INFORMATION SYSTEM RECOVERY AND RECONSTITUTION,CA-6
CP,Contingency Planning,CP-10,INFORMATION SYSTEM RECOVERY AND RECONSTITUTION,CA-7
CP,Contingency Planning,CP-10,INFORMATION SYSTEM RECOVERY AND RECONSTITUTION,CP-2
CP,Contingency Planning,CP-10,INFORMATION SYSTEM RECOVERY AND RECONSTITUTION,CP-6
CP,Contingency Planning,CP-10,INFORMATION SYSTEM RECOVERY AND RECONSTITUTION,CP-7
CP,Contingency Planning,CP-10,INFORMATION SYSTEM RECOVERY AND RECONSTITUTION,CP-9
CP,Contingency Planning,CP-10,INFORMATION SYSTEM RECOVERY AND RECONSTITUTION,SC-24
CP,Contingency Planning,CP-2,CONTINGENCY PLAN,AC-14
CP,Contingency Planning,CP-2,CONTINGENCY PLAN,PE-12
CP,Contingency Planning,CP-2,CONTINGENCY PLAN,PE-12
CP,Contingency Planning,CP-2,CONTINGENCY PLAN,PE-12
CP,Contingency Planning,CP-2,CONTINGENCY PLAN,SA-14
CP,Contingency Planning,CP-2,CONTINGENCY PLAN,CP-6
CP,Contingency Planning,CP-2,CONTINGENCY PLAN,SA-15
CP,Contingency Planning,CP-2,CONTINGENCY PLAN,CP-7
CP,Contingency Planning,CP-2,CONTINGENCY PLAN,CP-8
CP,Contingency Planning,CP-2,CONTINGENCY PLAN,CP-9
CP,Contingency Planning,CP-2,CONTINGENCY PLAN,CP-10
CP,Contingency Planning,CP-2,CONTINGENCY PLAN,IR-4
CP,Contingency Planning,CP-2,CONTINGENCY PLAN,IR-8
CP,Contingency Planning,CP-2,CONTINGENCY PLAN,MP-2
CP,Contingency Planning,CP-2,CONTINGENCY PLAN,MP-4
CP,Contingency Planning,CP-2,CONTINGENCY PLAN,MP-5
CP,Contingency Planning,CP-2,CONTINGENCY PLAN,PM-8
CP,Contingency Planning,CP-2,CONTINGENCY PLAN,PM-11
CP,Contingency Planning,CP-3,CONTINGENCY TRAINING,AT-2
CP,Contingency Planning,CP-3,CONTINGENCY TRAINING,AT-3
CP,Contingency Planning,CP-3,CONTINGENCY TRAINING,CP-2
CP,Contingency Planning,CP-3,CONTINGENCY TRAINING,IR-2
CP,Contingency Planning,CP-4,CONTINGENCY PLAN TESTING,CP-2
CP,Contingency Planning,CP-4,CONTINGENCY PLAN TESTING,IR-8
CP,Contingency Planning,CP-4,CONTINGENCY PLAN TESTING,CP-7
CP,Contingency Planning,CP-4,CONTINGENCY PLAN TESTING,CP-3
CP,Contingency Planning,CP-4,CONTINGENCY PLAN TESTING,PM-8
CP,Contingency Planning,CP-4,CONTINGENCY PLAN TESTING,IR-3
CP,Contingency Planning,CP-6,ALTERNATE STORAGE SITE,CP-2
CP,Contingency Planning,CP-6,ALTERNATE STORAGE SITE,RA-3
CP,Contingency Planning,CP-6,ALTERNATE STORAGE SITE,RA-3
CP,Contingency Planning,CP-6,ALTERNATE STORAGE SITE,CP-7
CP,Contingency Planning,CP-6,ALTERNATE STORAGE SITE,CP-9
CP,Contingency Planning,CP-6,ALTERNATE STORAGE SITE,CP-10
CP,Contingency Planning,CP-6,ALTERNATE STORAGE SITE,MP-4
CP,Contingency Planning,CP-7,ALTERNATE PROCESSING SITE,CP-2
CP,Contingency Planning,CP-7,ALTERNATE PROCESSING SITE,RA-3
CP,Contingency Planning,CP-7,ALTERNATE PROCESSING SITE,RA-3
CP,Contingency Planning,CP-7,ALTERNATE PROCESSING SITE,CM-2
CP,Contingency Planning,CP-7,ALTERNATE PROCESSING SITE,CP-6
CP,Contingency Planning,CP-7,ALTERNATE PROCESSING SITE,CM-6
CP,Contingency Planning,CP-7,ALTERNATE PROCESSING SITE,CP-8
CP,Contingency Planning,CP-7,ALTERNATE PROCESSING SITE,CP-9
CP,Contingency Planning,CP-7,ALTERNATE PROCESSING SITE,CP-10
CP,Contingency Planning,CP-7,ALTERNATE PROCESSING SITE,MA-6
CP,Contingency Planning,CP-8,TELECOMMUNICATIONS SERVICES,CP-2
CP,Contingency Planning,CP-8,TELECOMMUNICATIONS SERVICES,CP-6
CP,Contingency Planning,CP-8,TELECOMMUNICATIONS SERVICES,CP-7
CP,Contingency Planning,CP-9,INFORMATION SYSTEM BACKUP,CP-2
CP,Contingency Planning,CP-9,INFORMATION SYSTEM BACKUP,CP-4
CP,Contingency Planning,CP-9,INFORMATION SYSTEM BACKUP,CP-4
CP,Contingency Planning,CP-9,INFORMATION SYSTEM BACKUP,CM-2
CP,Contingency Planning,CP-9,INFORMATION SYSTEM BACKUP,CP-6
CP,Contingency Planning,CP-9,INFORMATION SYSTEM BACKUP,CM-8
CP,Contingency Planning,CP-9,INFORMATION SYSTEM BACKUP,MP-4
CP,Contingency Planning,CP-9,INFORMATION SYSTEM BACKUP,MP-5
CP,Contingency Planning,CP-9,INFORMATION SYSTEM BACKUP,SC-13
IA,Identification and Authentication,IA-1,IDENTIFICATION AND AUTHENTICATION POLICY AND PROCEDURES,PM-9
IA,Identification and Authentication,IA-2,IDENTIFICATION AND AUTHENTICATION (ORGANIZATIONAL USERS),AC-2
IA,Identification and Authentication,IA-2,IDENTIFICATION AND AUTHENTICATION (ORGANIZATIONAL USERS),AC-6
IA,Identification and Authentication,IA-2,IDENTIFICATION AND AUTHENTICATION (ORGANIZATIONAL USERS),AC-6
IA,Identification and Authentication,IA-2,IDENTIFICATION AND AUTHENTICATION (ORGANIZATIONAL USERS),AC-6
IA,Identification and Authentication,IA-2,IDENTIFICATION AND AUTHENTICATION (ORGANIZATIONAL USERS),AU-2
IA,Identification and Authentication,IA-2,IDENTIFICATION AND AUTHENTICATION (ORGANIZATIONAL USERS),AC-3
IA,Identification and Authentication,IA-2,IDENTIFICATION AND AUTHENTICATION (ORGANIZATIONAL USERS),PE-3
IA,Identification and Authentication,IA-2,IDENTIFICATION AND AUTHENTICATION (ORGANIZATIONAL USERS),AC-14
IA,Identification and Authentication,IA-2,IDENTIFICATION AND AUTHENTICATION (ORGANIZATIONAL USERS),SA-4
IA,Identification and Authentication,IA-2,IDENTIFICATION AND AUTHENTICATION (ORGANIZATIONAL USERS),AC-17
IA,Identification and Authentication,IA-2,IDENTIFICATION AND AUTHENTICATION (ORGANIZATIONAL USERS),AC-18
IA,Identification and Authentication,IA-2,IDENTIFICATION AND AUTHENTICATION (ORGANIZATIONAL USERS),IA-4
IA,Identification and Authentication,IA-2,IDENTIFICATION AND AUTHENTICATION (ORGANIZATIONAL USERS),IA-5
IA,Identification and Authentication,IA-2,IDENTIFICATION AND AUTHENTICATION (ORGANIZATIONAL USERS),IA-8
IA,Identification and Authentication,IA-3,DEVICE IDENTIFICATION AND AUTHENTICATION,AC-17
IA,Identification and Authentication,IA-3,DEVICE IDENTIFICATION AND AUTHENTICATION,AC-18
IA,Identification and Authentication,IA-3,DEVICE IDENTIFICATION AND AUTHENTICATION,AC-19
IA,Identification and Authentication,IA-3,DEVICE IDENTIFICATION AND AUTHENTICATION,CA-3
IA,Identification and Authentication,IA-3,DEVICE IDENTIFICATION AND AUTHENTICATION,IA-4
IA,Identification and Authentication,IA-3,DEVICE IDENTIFICATION AND AUTHENTICATION,IA-5
IA,Identification and Authentication,IA-4,IDENTIFIER MANAGEMENT,AC-2
IA,Identification and Authentication,IA-4,IDENTIFIER MANAGEMENT,AT-2
IA,Identification and Authentication,IA-4,IDENTIFIER MANAGEMENT,IA-2
IA,Identification and Authentication,IA-4,IDENTIFIER MANAGEMENT,IA-3
IA,Identification and Authentication,IA-4,IDENTIFIER MANAGEMENT,IA-5
IA,Identification and Authentication,IA-4,IDENTIFIER MANAGEMENT,IA-8
IA,Identification and Authentication,IA-4,IDENTIFIER MANAGEMENT,SC-37
IA,Identification and Authentication,IA-5,AUTHENTICATOR MANAGEMENT,AC-2
IA,Identification and Authentication,IA-5,AUTHENTICATOR MANAGEMENT,IA-6
IA,Identification and Authentication,IA-5,AUTHENTICATOR MANAGEMENT,IA-6
IA,Identification and Authentication,IA-5,AUTHENTICATOR MANAGEMENT,CA-2
IA,Identification and Authentication,IA-5,AUTHENTICATOR MANAGEMENT,AC-3
IA,Identification and Authentication,IA-5,AUTHENTICATOR MANAGEMENT,CA-7
IA,Identification and Authentication,IA-5,AUTHENTICATOR MANAGEMENT,AC-6
IA,Identification and Authentication,IA-5,AUTHENTICATOR MANAGEMENT,RA-5
IA,Identification and Authentication,IA-5,AUTHENTICATOR MANAGEMENT,CM-6
IA,Identification and Authentication,IA-5,AUTHENTICATOR MANAGEMENT,IA-2
IA,Identification and Authentication,IA-5,AUTHENTICATOR MANAGEMENT,IA-4
IA,Identification and Authentication,IA-5,AUTHENTICATOR MANAGEMENT,IA-8
IA,Identification and Authentication,IA-5,AUTHENTICATOR MANAGEMENT,PL-4
IA,Identification and Authentication,IA-5,AUTHENTICATOR MANAGEMENT,PS-5
IA,Identification and Authentication,IA-5,AUTHENTICATOR MANAGEMENT,PS-6
IA,Identification and Authentication,IA-5,AUTHENTICATOR MANAGEMENT,SC-12
IA,Identification and Authentication,IA-5,AUTHENTICATOR MANAGEMENT,SC-13
IA,Identification and Authentication,IA-5,AUTHENTICATOR MANAGEMENT,SC-17
IA,Identification and Authentication,IA-5,AUTHENTICATOR MANAGEMENT,SC-28
IA,Identification and Authentication,IA-6,AUTHENTICATOR FEEDBACK,PE-18
IA,Identification and Authentication,IA-7,CRYPTOGRAPHIC MODULE AUTHENTICATION,SC-12
IA,Identification and Authentication,IA-7,CRYPTOGRAPHIC MODULE AUTHENTICATION,SC-13
IA,Identification and Authentication,IA-8,IDENTIFICATION AND AUTHENTICATION (NON-ORGANIZATIONAL USERS),AC-2
IA,Identification and Authentication,IA-8,IDENTIFICATION AND AUTHENTICATION (NON-ORGANIZATIONAL USERS),AU-2
IA,Identification and Authentication,IA-8,IDENTIFICATION AND AUTHENTICATION (NON-ORGANIZATIONAL USERS),AU-2
IA,Identification and Authentication,IA-8,IDENTIFICATION AND AUTHENTICATION (NON-ORGANIZATIONAL USERS),SA-4
IA,Identification and Authentication,IA-8,IDENTIFICATION AND AUTHENTICATION (NON-ORGANIZATIONAL USERS),SA-4
IA,Identification and Authentication,IA-8,IDENTIFICATION AND AUTHENTICATION (NON-ORGANIZATIONAL USERS),AC-14
IA,Identification and Authentication,IA-8,IDENTIFICATION AND AUTHENTICATION (NON-ORGANIZATIONAL USERS),PE-3
IA,Identification and Authentication,IA-8,IDENTIFICATION AND AUTHENTICATION (NON-ORGANIZATIONAL USERS),AC-17
IA,Identification and Authentication,IA-8,IDENTIFICATION AND AUTHENTICATION (NON-ORGANIZATIONAL USERS),SA-4
IA,Identification and Authentication,IA-8,IDENTIFICATION AND AUTHENTICATION (NON-ORGANIZATIONAL USERS),AC-18
IA,Identification and Authentication,IA-8,IDENTIFICATION AND AUTHENTICATION (NON-ORGANIZATIONAL USERS),IA-2
IA,Identification and Authentication,IA-8,IDENTIFICATION AND AUTHENTICATION (NON-ORGANIZATIONAL USERS),IA-4
IA,Identification and Authentication,IA-8,IDENTIFICATION AND AUTHENTICATION (NON-ORGANIZATIONAL USERS),IA-5
IA,Identification and Authentication,IA-8,IDENTIFICATION AND AUTHENTICATION (NON-ORGANIZATIONAL USERS),MA-4
IA,Identification and Authentication,IA-8,IDENTIFICATION AND AUTHENTICATION (NON-ORGANIZATIONAL USERS),RA-3
IA,Identification and Authentication,IA-8,IDENTIFICATION AND AUTHENTICATION (NON-ORGANIZATIONAL USERS),SA-12
IA,Identification and Authentication,IA-8,IDENTIFICATION AND AUTHENTICATION (NON-ORGANIZATIONAL USERS),SC-8
IR,Incident Response,IR-1,INCIDENT RESPONSE POLICY AND PROCEDURES,PM-9
IR,Incident Response,IR-2,INCIDENT RESPONSE TRAINING,AT-3
IR,Incident Response,IR-2,INCIDENT RESPONSE TRAINING,CP-3
IR,Incident Response,IR-2,INCIDENT RESPONSE TRAINING,IR-8
IR,Incident Response,IR-3,INCIDENT RESPONSE TESTING,CP-4
IR,Incident Response,IR-3,INCIDENT RESPONSE TESTING,IR-8
IR,Incident Response,IR-4,INCIDENT HANDLING,AU-6
IR,Incident Response,IR-4,INCIDENT HANDLING,AC-2
IR,Incident Response,IR-4,INCIDENT HANDLING,CM-6
IR,Incident Response,IR-4,INCIDENT HANDLING,AC-4
IR,Incident Response,IR-4,INCIDENT HANDLING,CP-2
IR,Incident Response,IR-4,INCIDENT HANDLING,AC-16
IR,Incident Response,IR-4,INCIDENT HANDLING,CP-4
IR,Incident Response,IR-4,INCIDENT HANDLING,CM-2
IR,Incident Response,IR-4,INCIDENT HANDLING,IR-2
IR,Incident Response,IR-4,INCIDENT HANDLING,CM-3
IR,Incident Response,IR-4,INCIDENT HANDLING,IR-3
IR,Incident Response,IR-4,INCIDENT HANDLING,CM-4
IR,Incident Response,IR-4,INCIDENT HANDLING,IR-8
IR,Incident Response,IR-4,INCIDENT HANDLING,PE-6
IR,Incident Response,IR-4,INCIDENT HANDLING,SC-5
IR,Incident Response,IR-4,INCIDENT HANDLING,SC-7
IR,Incident Response,IR-4,INCIDENT HANDLING,SI-3
IR,Incident Response,IR-4,INCIDENT HANDLING,SI-4
IR,Incident Response,IR-4,INCIDENT HANDLING,SI-7
IR,Incident Response,IR-5,INCIDENT MONITORING,AU-6
IR,Incident Response,IR-5,INCIDENT MONITORING,AU-7
IR,Incident Response,IR-5,INCIDENT MONITORING,IR-8
IR,Incident Response,IR-5,INCIDENT MONITORING,IR-4
IR,Incident Response,IR-5,INCIDENT MONITORING,PE-6
IR,Incident Response,IR-5,INCIDENT MONITORING,SC-5
IR,Incident Response,IR-5,INCIDENT MONITORING,SC-7
IR,Incident Response,IR-5,INCIDENT MONITORING,SI-3
IR,Incident Response,IR-5,INCIDENT MONITORING,SI-4
IR,Incident Response,IR-5,INCIDENT MONITORING,SI-7
IR,Incident Response,IR-6,INCIDENT REPORTING,IR-4
IR,Incident Response,IR-6,INCIDENT REPORTING,IR-7
IR,Incident Response,IR-6,INCIDENT REPORTING,IR-5
IR,Incident Response,IR-6,INCIDENT REPORTING,IR-8
IR,Incident Response,IR-7,INCIDENT RESPONSE ASSISTANCE,AT-2
IR,Incident Response,IR-7,INCIDENT RESPONSE ASSISTANCE,IR-4
IR,Incident Response,IR-7,INCIDENT RESPONSE ASSISTANCE,IR-6
IR,Incident Response,IR-7,INCIDENT RESPONSE ASSISTANCE,IR-8
IR,Incident Response,IR-7,INCIDENT RESPONSE ASSISTANCE,SA-9
IR,Incident Response,IR-8,INCIDENT RESPONSE PLAN,MP-2
IR,Incident Response,IR-8,INCIDENT RESPONSE PLAN,MP-4
IR,Incident Response,IR-8,INCIDENT RESPONSE PLAN,MP-5
MA,Maintenance,MA-1,SYSTEM MAINTENANCE POLICY AND PROCEDURES,PM-9
MA,Maintenance,MA-2,CONTROLLED MAINTENANCE,CM-3
MA,Maintenance,MA-2,CONTROLLED MAINTENANCE,CA-7
MA,Maintenance,MA-2,CONTROLLED MAINTENANCE,CM-4
MA,Maintenance,MA-2,CONTROLLED MAINTENANCE,MA-3
MA,Maintenance,MA-2,CONTROLLED MAINTENANCE,MA-4
MA,Maintenance,MA-2,CONTROLLED MAINTENANCE,MP-6
MA,Maintenance,MA-2,CONTROLLED MAINTENANCE,PE-16
MA,Maintenance,MA-2,CONTROLLED MAINTENANCE,SA-12
MA,Maintenance,MA-2,CONTROLLED MAINTENANCE,SI-2
MA,Maintenance,MA-3,MAINTENANCE TOOLS,MA-2
MA,Maintenance,MA-3,MAINTENANCE TOOLS,SI-7
MA,Maintenance,MA-3,MAINTENANCE TOOLS,SI-3
MA,Maintenance,MA-3,MAINTENANCE TOOLS,MA-5
MA,Maintenance,MA-3,MAINTENANCE TOOLS,MP-6
MA,Maintenance,MA-4,NONLOCAL MAINTENANCE,AC-2
MA,Maintenance,MA-4,NONLOCAL MAINTENANCE,MA-3
MA,Maintenance,MA-4,NONLOCAL MAINTENANCE,SC-8
MA,Maintenance,MA-4,NONLOCAL MAINTENANCE,AC-3
MA,Maintenance,MA-4,NONLOCAL MAINTENANCE,SA-12
MA,Maintenance,MA-4,NONLOCAL MAINTENANCE,SC-13
MA,Maintenance,MA-4,NONLOCAL MAINTENANCE,AC-6
MA,Maintenance,MA-4,NONLOCAL MAINTENANCE,SI-3
MA,Maintenance,MA-4,NONLOCAL MAINTENANCE,AC-17
MA,Maintenance,MA-4,NONLOCAL MAINTENANCE,SI-7
MA,Maintenance,MA-4,NONLOCAL MAINTENANCE,AU-2
MA,Maintenance,MA-4,NONLOCAL MAINTENANCE,AU-3
MA,Maintenance,MA-4,NONLOCAL MAINTENANCE,IA-2
MA,Maintenance,MA-4,NONLOCAL MAINTENANCE,IA-4
MA,Maintenance,MA-4,NONLOCAL MAINTENANCE,IA-5
MA,Maintenance,MA-4,NONLOCAL MAINTENANCE,IA-8
MA,Maintenance,MA-4,NONLOCAL MAINTENANCE,MA-2
MA,Maintenance,MA-4,NONLOCAL MAINTENANCE,MA-5
MA,Maintenance,MA-4,NONLOCAL MAINTENANCE,MP-6
MA,Maintenance,MA-4,NONLOCAL MAINTENANCE,PL-2
MA,Maintenance,MA-4,NONLOCAL MAINTENANCE,SC-7
MA,Maintenance,MA-4,NONLOCAL MAINTENANCE,SC-10
MA,Maintenance,MA-4,NONLOCAL MAINTENANCE,SC-17
MA,Maintenance,MA-5,MAINTENANCE PERSONNEL,AC-2
MA,Maintenance,MA-5,MAINTENANCE PERSONNEL,MP-6
MA,Maintenance,MA-5,MAINTENANCE PERSONNEL,IA-8
MA,Maintenance,MA-5,MAINTENANCE PERSONNEL,PL-2
MA,Maintenance,MA-5,MAINTENANCE PERSONNEL,MP-2
MA,Maintenance,MA-5,MAINTENANCE PERSONNEL,PE-2
MA,Maintenance,MA-5,MAINTENANCE PERSONNEL,PE-3
MA,Maintenance,MA-5,MAINTENANCE PERSONNEL,PE-4
MA,Maintenance,MA-5,MAINTENANCE PERSONNEL,RA-3
MA,Maintenance,MA-6,TIMELY MAINTENANCE,CM-8
MA,Maintenance,MA-6,TIMELY MAINTENANCE,CP-2
MA,Maintenance,MA-6,TIMELY MAINTENANCE,CP-7
MA,Maintenance,MA-6,TIMELY MAINTENANCE,SA-14
MA,Maintenance,MA-6,TIMELY MAINTENANCE,SA-15
MP,Media Protection,MP-1,MEDIA PROTECTION POLICY AND PROCEDURES,PM-9
MP,Media Protection,MP-2,MEDIA ACCESS,AC-3
MP,Media Protection,MP-2,MEDIA ACCESS,IA-2
MP,Media Protection,MP-2,MEDIA ACCESS,MP-4
MP,Media Protection,MP-2,MEDIA ACCESS,PE-2
MP,Media Protection,MP-2,MEDIA ACCESS,PE-3
MP,Media Protection,MP-2,MEDIA ACCESS,PL-2
MP,Media Protection,MP-3,MEDIA MARKING,AC-16
MP,Media Protection,MP-3,MEDIA MARKING,PL-2
MP,Media Protection,MP-3,MEDIA MARKING,RA-3
MP,Media Protection,MP-4,MEDIA STORAGE,CP-6
MP,Media Protection,MP-4,MEDIA STORAGE,CP-9
MP,Media Protection,MP-4,MEDIA STORAGE,MP-2
MP,Media Protection,MP-4,MEDIA STORAGE,MP-7
MP,Media Protection,MP-4,MEDIA STORAGE,PE-3
MP,Media Protection,MP-5,MEDIA TRANSPORT,AC-19
MP,Media Protection,MP-5,MEDIA TRANSPORT,MP-2
MP,Media Protection,MP-5,MEDIA TRANSPORT,CP-9
MP,Media Protection,MP-5,MEDIA TRANSPORT,MP-3
MP,Media Protection,MP-5,MEDIA TRANSPORT,MP-4
MP,Media Protection,MP-5,MEDIA TRANSPORT,RA-3
MP,Media Protection,MP-5,MEDIA TRANSPORT,SC-8
MP,Media Protection,MP-5,MEDIA TRANSPORT,SC-13
MP,Media Protection,MP-5,MEDIA TRANSPORT,SC-28
MP,Media Protection,MP-6,MEDIA SANITIZATION,MA-2
MP,Media Protection,MP-6,MEDIA SANITIZATION,SI-12
MP,Media Protection,MP-6,MEDIA SANITIZATION,SI-3
MP,Media Protection,MP-6,MEDIA SANITIZATION,MA-4
MP,Media Protection,MP-6,MEDIA SANITIZATION,RA-3
MP,Media Protection,MP-6,MEDIA SANITIZATION,SC-4
MP,Media Protection,MP-7,MEDIA USE,AC-19
MP,Media Protection,MP-7,MEDIA USE,PL-4
MP,Media Protection,MP-7,MEDIA USE,PL-4
PE,Physical and Environmental Protection,PE-1,PHYSICAL AND ENVIRONMENTAL PROTECTION POLICY AND PROCEDURES,PM-9
PE,Physical and Environmental Protection,PE-10,EMERGENCY SHUTOFF,PE-15
PE,Physical and Environmental Protection,PE-11,EMERGENCY POWER,AT-3
PE,Physical and Environmental Protection,PE-11,EMERGENCY POWER,CP-2
PE,Physical and Environmental Protection,PE-11,EMERGENCY POWER,CP-7
PE,Physical and Environmental Protection,PE-12,EMERGENCY LIGHTING,CP-2
PE,Physical and Environmental Protection,PE-12,EMERGENCY LIGHTING,CP-7
PE,Physical and Environmental Protection,PE-14,TEMPERATURE AND HUMIDITY CONTROLS,AT-3
PE,Physical and Environmental Protection,PE-15,WATER DAMAGE PROTECTION,AT-3
PE,Physical and Environmental Protection,PE-16,DELIVERY AND REMOVAL,CM-3
PE,Physical and Environmental Protection,PE-16,DELIVERY AND REMOVAL,MA-2
PE,Physical and Environmental Protection,PE-16,DELIVERY AND REMOVAL,MA-3
PE,Physical and Environmental Protection,PE-16,DELIVERY AND REMOVAL,MP-5
PE,Physical and Environmental Protection,PE-16,DELIVERY AND REMOVAL,SA-12
PE,Physical and Environmental Protection,PE-17,ALTERNATE WORK SITE,AC-17
PE,Physical and Environmental Protection,PE-17,ALTERNATE WORK SITE,CP-7
PE,Physical and Environmental Protection,PE-18,LOCATION OF INFORMATION SYSTEM COMPONENTS,CP-2
PE,Physical and Environmental Protection,PE-18,LOCATION OF INFORMATION SYSTEM COMPONENTS,PE-19
PE,Physical and Environmental Protection,PE-18,LOCATION OF INFORMATION SYSTEM COMPONENTS,RA-3
PE,Physical and Environmental Protection,PE-2,PHYSICAL ACCESS AUTHORIZATIONS,PE-3
PE,Physical and Environmental Protection,PE-2,PHYSICAL ACCESS AUTHORIZATIONS,PE-4
PE,Physical and Environmental Protection,PE-2,PHYSICAL ACCESS AUTHORIZATIONS,PS-3
PE,Physical and Environmental Protection,PE-3,PHYSICAL ACCESS CONTROL,AU-2
PE,Physical and Environmental Protection,PE-3,PHYSICAL ACCESS CONTROL,PS-2
PE,Physical and Environmental Protection,PE-3,PHYSICAL ACCESS CONTROL,AU-6
PE,Physical and Environmental Protection,PE-3,PHYSICAL ACCESS CONTROL,MP-2
PE,Physical and Environmental Protection,PE-3,PHYSICAL ACCESS CONTROL,MP-4
PE,Physical and Environmental Protection,PE-3,PHYSICAL ACCESS CONTROL,PE-2
PE,Physical and Environmental Protection,PE-3,PHYSICAL ACCESS CONTROL,PE-4
PE,Physical and Environmental Protection,PE-3,PHYSICAL ACCESS CONTROL,PE-5
PE,Physical and Environmental Protection,PE-3,PHYSICAL ACCESS CONTROL,PS-3
PE,Physical and Environmental Protection,PE-3,PHYSICAL ACCESS CONTROL,RA-3
PE,Physical and Environmental Protection,PE-4,ACCESS CONTROL FOR TRANSMISSION MEDIUM,MP-2
PE,Physical and Environmental Protection,PE-4,ACCESS CONTROL FOR TRANSMISSION MEDIUM,MP-4
PE,Physical and Environmental Protection,PE-4,ACCESS CONTROL FOR TRANSMISSION MEDIUM,PE-2
PE,Physical and Environmental Protection,PE-4,ACCESS CONTROL FOR TRANSMISSION MEDIUM,PE-3
PE,Physical and Environmental Protection,PE-4,ACCESS CONTROL FOR TRANSMISSION MEDIUM,PE-5
PE,Physical and Environmental Protection,PE-4,ACCESS CONTROL FOR TRANSMISSION MEDIUM,SC-7
PE,Physical and Environmental Protection,PE-4,ACCESS CONTROL FOR TRANSMISSION MEDIUM,SC-8
PE,Physical and Environmental Protection,PE-5,ACCESS CONTROL FOR OUTPUT DEVICES,PE-2
PE,Physical and Environmental Protection,PE-5,ACCESS CONTROL FOR OUTPUT DEVICES,PE-3
PE,Physical and Environmental Protection,PE-5,ACCESS CONTROL FOR OUTPUT DEVICES,PE-4
PE,Physical and Environmental Protection,PE-5,ACCESS CONTROL FOR OUTPUT DEVICES,PE-18
PE,Physical and Environmental Protection,PE-6,MONITORING PHYSICAL ACCESS,CA-7
PE,Physical and Environmental Protection,PE-6,MONITORING PHYSICAL ACCESS,PS-2
PE,Physical and Environmental Protection,PE-6,MONITORING PHYSICAL ACCESS,IR-4
PE,Physical and Environmental Protection,PE-6,MONITORING PHYSICAL ACCESS,PS-3
PE,Physical and Environmental Protection,PE-6,MONITORING PHYSICAL ACCESS,IR-8
PE,Physical and Environmental Protection,PE-9,POWER EQUIPMENT AND CABLING,PE-4
PL,Planning,PL-1,SECURITY PLANNING POLICY AND PROCEDURES,PM-9
PL,Planning,PL-2,SYSTEM SECURITY PLAN,AC-2
PL,Planning,PL-2,SYSTEM SECURITY PLAN,CP-4
PL,Planning,PL-2,SYSTEM SECURITY PLAN,AC-6
PL,Planning,PL-2,SYSTEM SECURITY PLAN,IR-4
PL,Planning,PL-2,SYSTEM SECURITY PLAN,AC-14
PL,Planning,PL-2,SYSTEM SECURITY PLAN,AC-17
PL,Planning,PL-2,SYSTEM SECURITY PLAN,AC-20
PL,Planning,PL-2,SYSTEM SECURITY PLAN,CA-2
PL,Planning,PL-2,SYSTEM SECURITY PLAN,CA-3
PL,Planning,PL-2,SYSTEM SECURITY PLAN,CA-7
PL,Planning,PL-2,SYSTEM SECURITY PLAN,CM-9
PL,Planning,PL-2,SYSTEM SECURITY PLAN,CP-2
PL,Planning,PL-2,SYSTEM SECURITY PLAN,IR-8
PL,Planning,PL-2,SYSTEM SECURITY PLAN,MA-4
PL,Planning,PL-2,SYSTEM SECURITY PLAN,MA-5
PL,Planning,PL-2,SYSTEM SECURITY PLAN,MP-2
PL,Planning,PL-2,SYSTEM SECURITY PLAN,MP-4
PL,Planning,PL-2,SYSTEM SECURITY PLAN,MP-5
PL,Planning,PL-2,SYSTEM SECURITY PLAN,PL-7
PL,Planning,PL-2,SYSTEM SECURITY PLAN,PM-1
PL,Planning,PL-2,SYSTEM SECURITY PLAN,PM-7
PL,Planning,PL-2,SYSTEM SECURITY PLAN,PM-8
PL,Planning,PL-2,SYSTEM SECURITY PLAN,PM-9
PL,Planning,PL-2,SYSTEM SECURITY PLAN,PM-11
PL,Planning,PL-2,SYSTEM SECURITY PLAN,SA-5
PL,Planning,PL-2,SYSTEM SECURITY PLAN,SA-17
PL,Planning,PL-4,RULES OF BEHAVIOR,AC-2
PL,Planning,PL-4,RULES OF BEHAVIOR,AC-6
PL,Planning,PL-4,RULES OF BEHAVIOR,AC-8
PL,Planning,PL-4,RULES OF BEHAVIOR,AC-9
PL,Planning,PL-4,RULES OF BEHAVIOR,AC-17
PL,Planning,PL-4,RULES OF BEHAVIOR,AC-18
PL,Planning,PL-4,RULES OF BEHAVIOR,AC-19
PL,Planning,PL-4,RULES OF BEHAVIOR,AC-20
PL,Planning,PL-4,RULES OF BEHAVIOR,AT-2
PL,Planning,PL-4,RULES OF BEHAVIOR,AT-3
PL,Planning,PL-4,RULES OF BEHAVIOR,CM-11
PL,Planning,PL-4,RULES OF BEHAVIOR,IA-2
PL,Planning,PL-4,RULES OF BEHAVIOR,IA-4
PL,Planning,PL-4,RULES OF BEHAVIOR,IA-5
PL,Planning,PL-4,RULES OF BEHAVIOR,MP-7
PL,Planning,PL-4,RULES OF BEHAVIOR,PS-6
PL,Planning,PL-4,RULES OF BEHAVIOR,PS-8
PL,Planning,PL-4,RULES OF BEHAVIOR,SA-5
PL,Planning,PL-8,INFORMATION SECURITY ARCHITECTURE,CM-2
PL,Planning,PL-8,INFORMATION SECURITY ARCHITECTURE,CM-6
PL,Planning,PL-8,INFORMATION SECURITY ARCHITECTURE,PL-2
PL,Planning,PL-8,INFORMATION SECURITY ARCHITECTURE,PM-7
PL,Planning,PL-8,INFORMATION SECURITY ARCHITECTURE,SA-5
PL,Planning,PL-8,INFORMATION SECURITY ARCHITECTURE,SA-17
PS,Personnel Security,PS-1,PERSONNEL SECURITY POLICY AND PROCEDURES,PM-9
PS,Personnel Security,PS-2,POSITION RISK DESIGNATION,AT-3
PS,Personnel Security,PS-2,POSITION RISK DESIGNATION,PL-2
PS,Personnel Security,PS-2,POSITION RISK DESIGNATION,PS-3
PS,Personnel Security,PS-3,PERSONNEL SCREENING,AC-2
PS,Personnel Security,PS-3,PERSONNEL SCREENING,IA-4
PS,Personnel Security,PS-3,PERSONNEL SCREENING,PE-2
PS,Personnel Security,PS-3,PERSONNEL SCREENING,PS-2
PS,Personnel Security,PS-4,PERSONNEL TERMINATION,AC-2
PS,Personnel Security,PS-4,PERSONNEL TERMINATION,IA-4
PS,Personnel Security,PS-4,PERSONNEL TERMINATION,PE-2
PS,Personnel Security,PS-4,PERSONNEL TERMINATION,PS-5
PS,Personnel Security,PS-4,PERSONNEL TERMINATION,PS-6
PS,Personnel Security,PS-5,PERSONNEL TRANSFER,AC-2
PS,Personnel Security,PS-5,PERSONNEL TRANSFER,IA-4
PS,Personnel Security,PS-5,PERSONNEL TRANSFER,PE-2
PS,Personnel Security,PS-5,PERSONNEL TRANSFER,PS-4
PS,Personnel Security,PS-6,ACCESS AGREEMENTS,PL-4
PS,Personnel Security,PS-6,ACCESS AGREEMENTS,PS-2
PS,Personnel Security,PS-6,ACCESS AGREEMENTS,PS-3
PS,Personnel Security,PS-6,ACCESS AGREEMENTS,PS-4
PS,Personnel Security,PS-6,ACCESS AGREEMENTS,PS-8
PS,Personnel Security,PS-7,THIRD-PARTY PERSONNEL SECURITY,PS-2
PS,Personnel Security,PS-7,THIRD-PARTY PERSONNEL SECURITY,PS-3
PS,Personnel Security,PS-7,THIRD-PARTY PERSONNEL SECURITY,PS-4
PS,Personnel Security,PS-7,THIRD-PARTY PERSONNEL SECURITY,PS-5
PS,Personnel Security,PS-7,THIRD-PARTY PERSONNEL SECURITY,PS-6
PS,Personnel Security,PS-7,THIRD-PARTY PERSONNEL SECURITY,SA-9
PS,Personnel Security,PS-7,THIRD-PARTY PERSONNEL SECURITY,SA-21
PS,Personnel Security,PS-8,PERSONNEL SANCTIONS,PL-4
PS,Personnel Security,PS-8,PERSONNEL SANCTIONS,PS-6
RA,Risk Assessment,RA-1,RISK ASSESSMENT POLICY AND PROCEDURES,PM-9
RA,Risk Assessment,RA-2,SECURITY CATEGORIZATION,CM-8
RA,Risk Assessment,RA-2,SECURITY CATEGORIZATION,MP-4
RA,Risk Assessment,RA-2,SECURITY CATEGORIZATION,RA-3
RA,Risk Assessment,RA-2,SECURITY CATEGORIZATION,SC-7
RA,Risk Assessment,RA-3,RISK ASSESSMENT,RA-2
RA,Risk Assessment,RA-3,RISK ASSESSMENT,PM-9
RA,Risk Assessment,RA-5,VULNERABILITY SCANNING,CA-2
RA,Risk Assessment,RA-5,VULNERABILITY SCANNING,SI-3
RA,Risk Assessment,RA-5,VULNERABILITY SCANNING,SI-3
RA,Risk Assessment,RA-5,VULNERABILITY SCANNING,AU-13
RA,Risk Assessment,RA-5,VULNERABILITY SCANNING,IR-4
RA,Risk Assessment,RA-5,VULNERABILITY SCANNING,AU-6
RA,Risk Assessment,RA-5,VULNERABILITY SCANNING,CA-7
RA,Risk Assessment,RA-5,VULNERABILITY SCANNING,SI-7
RA,Risk Assessment,RA-5,VULNERABILITY SCANNING,SI-5
RA,Risk Assessment,RA-5,VULNERABILITY SCANNING,IR-5
RA,Risk Assessment,RA-5,VULNERABILITY SCANNING,CM-4
RA,Risk Assessment,RA-5,VULNERABILITY SCANNING,SI-4
RA,Risk Assessment,RA-5,VULNERABILITY SCANNING,CM-6
RA,Risk Assessment,RA-5,VULNERABILITY SCANNING,RA-2
RA,Risk Assessment,RA-5,VULNERABILITY SCANNING,RA-3
RA,Risk Assessment,RA-5,VULNERABILITY SCANNING,SA-11
RA,Risk Assessment,RA-5,VULNERABILITY SCANNING,SI-2
SA,System and Services Acquisition,SA-1,SYSTEM AND SERVICES ACQUISITION POLICY AND PROCEDURES,PM-9
SA,System and Services Acquisition,SA-10,DEVELOPER CONFIGURATION MANAGEMENT,CM-3
SA,System and Services Acquisition,SA-10,DEVELOPER CONFIGURATION MANAGEMENT,SI-7
SA,System and Services Acquisition,SA-10,DEVELOPER CONFIGURATION MANAGEMENT,CM-4
SA,System and Services Acquisition,SA-10,DEVELOPER CONFIGURATION MANAGEMENT,CM-9
SA,System and Services Acquisition,SA-10,DEVELOPER CONFIGURATION MANAGEMENT,SA-12
SA,System and Services Acquisition,SA-10,DEVELOPER CONFIGURATION MANAGEMENT,SI-2
SA,System and Services Acquisition,SA-11,DEVELOPER SECURITY TESTING AND EVALUATION,CA-2
SA,System and Services Acquisition,SA-11,DEVELOPER SECURITY TESTING AND EVALUATION,PM-15
SA,System and Services Acquisition,SA-11,DEVELOPER SECURITY TESTING AND EVALUATION,CM-4
SA,System and Services Acquisition,SA-11,DEVELOPER SECURITY TESTING AND EVALUATION,RA-5
SA,System and Services Acquisition,SA-11,DEVELOPER SECURITY TESTING AND EVALUATION,SA-3
SA,System and Services Acquisition,SA-11,DEVELOPER SECURITY TESTING AND EVALUATION,SA-4
SA,System and Services Acquisition,SA-11,DEVELOPER SECURITY TESTING AND EVALUATION,SA-5
SA,System and Services Acquisition,SA-11,DEVELOPER SECURITY TESTING AND EVALUATION,SI-2
SA,System and Services Acquisition,SA-12,SUPPLY CHAIN PROTECTION,AT-3
SA,System and Services Acquisition,SA-12,SUPPLY CHAIN PROTECTION,CM-8
SA,System and Services Acquisition,SA-12,SUPPLY CHAIN PROTECTION,IR-4
SA,System and Services Acquisition,SA-12,SUPPLY CHAIN PROTECTION,PE-16
SA,System and Services Acquisition,SA-12,SUPPLY CHAIN PROTECTION,PL-8
SA,System and Services Acquisition,SA-12,SUPPLY CHAIN PROTECTION,SA-3
SA,System and Services Acquisition,SA-12,SUPPLY CHAIN PROTECTION,SA-4
SA,System and Services Acquisition,SA-12,SUPPLY CHAIN PROTECTION,SA-8
SA,System and Services Acquisition,SA-12,SUPPLY CHAIN PROTECTION,SA-10
SA,System and Services Acquisition,SA-12,SUPPLY CHAIN PROTECTION,SA-14
SA,System and Services Acquisition,SA-12,SUPPLY CHAIN PROTECTION,SA-15
SA,System and Services Acquisition,SA-12,SUPPLY CHAIN PROTECTION,SA-18
SA,System and Services Acquisition,SA-12,SUPPLY CHAIN PROTECTION,SA-19
SA,System and Services Acquisition,SA-12,SUPPLY CHAIN PROTECTION,SC-29
SA,System and Services Acquisition,SA-12,SUPPLY CHAIN PROTECTION,SC-30
SA,System and Services Acquisition,SA-12,SUPPLY CHAIN PROTECTION,SC-38
SA,System and Services Acquisition,SA-12,SUPPLY CHAIN PROTECTION,SI-7
SA,System and Services Acquisition,SA-15,"DEVELOPMENT PROCESS, STANDARDS, AND TOOLS",SA-3
SA,System and Services Acquisition,SA-15,"DEVELOPMENT PROCESS, STANDARDS, AND TOOLS",SA-8
SA,System and Services Acquisition,SA-16,DEVELOPER-PROVIDED TRAINING,AT-2
SA,System and Services Acquisition,SA-16,DEVELOPER-PROVIDED TRAINING,AT-3
SA,System and Services Acquisition,SA-16,DEVELOPER-PROVIDED TRAINING,SA-5
SA,System and Services Acquisition,SA-17,DEVELOPER SECURITY ARCHITECTURE AND DESIGN,PL-8
SA,System and Services Acquisition,SA-17,DEVELOPER SECURITY ARCHITECTURE AND DESIGN,PM-7
SA,System and Services Acquisition,SA-17,DEVELOPER SECURITY ARCHITECTURE AND DESIGN,SA-3
SA,System and Services Acquisition,SA-17,DEVELOPER SECURITY ARCHITECTURE AND DESIGN,SA-8
SA,System and Services Acquisition,SA-2,ALLOCATION OF RESOURCES,PM-3
SA,System and Services Acquisition,SA-2,ALLOCATION OF RESOURCES,PM-11
SA,System and Services Acquisition,SA-3,SYSTEM DEVELOPMENT LIFE CYCLE,AT-3
SA,System and Services Acquisition,SA-3,SYSTEM DEVELOPMENT LIFE CYCLE,PM-7
SA,System and Services Acquisition,SA-3,SYSTEM DEVELOPMENT LIFE CYCLE,SA-8
SA,System and Services Acquisition,SA-4,ACQUISITION PROCESS,CM-6
SA,System and Services Acquisition,SA-4,ACQUISITION PROCESS,SA-5
SA,System and Services Acquisition,SA-4,ACQUISITION PROCESS,SA-5
SA,System and Services Acquisition,SA-4,ACQUISITION PROCESS,CA-7
SA,System and Services Acquisition,SA-4,ACQUISITION PROCESS,CM-7
SA,System and Services Acquisition,SA-4,ACQUISITION PROCESS,IA-2
SA,System and Services Acquisition,SA-4,ACQUISITION PROCESS,PL-2
SA,System and Services Acquisition,SA-4,ACQUISITION PROCESS,SA-9
SA,System and Services Acquisition,SA-4,ACQUISITION PROCESS,IA-8
SA,System and Services Acquisition,SA-4,ACQUISITION PROCESS,PS-7
SA,System and Services Acquisition,SA-4,ACQUISITION PROCESS,SA-3
SA,System and Services Acquisition,SA-4,ACQUISITION PROCESS,SA-5
SA,System and Services Acquisition,SA-4,ACQUISITION PROCESS,SA-8
SA,System and Services Acquisition,SA-4,ACQUISITION PROCESS,SA-11
SA,System and Services Acquisition,SA-4,ACQUISITION PROCESS,SA-12
SA,System and Services Acquisition,SA-5,INFORMATION SYSTEM DOCUMENTATION,CM-6
SA,System and Services Acquisition,SA-5,INFORMATION SYSTEM DOCUMENTATION,CM-8
SA,System and Services Acquisition,SA-5,INFORMATION SYSTEM DOCUMENTATION,PL-2
SA,System and Services Acquisition,SA-5,INFORMATION SYSTEM DOCUMENTATION,PL-4
SA,System and Services Acquisition,SA-5,INFORMATION SYSTEM DOCUMENTATION,PS-2
SA,System and Services Acquisition,SA-5,INFORMATION SYSTEM DOCUMENTATION,SA-3
SA,System and Services Acquisition,SA-5,INFORMATION SYSTEM DOCUMENTATION,SA-4
SA,System and Services Acquisition,SA-8,SECURITY ENGINEERING PRINCIPLES,PM-7
SA,System and Services Acquisition,SA-8,SECURITY ENGINEERING PRINCIPLES,SA-3
SA,System and Services Acquisition,SA-8,SECURITY ENGINEERING PRINCIPLES,SA-4
SA,System and Services Acquisition,SA-8,SECURITY ENGINEERING PRINCIPLES,SA-17
SA,System and Services Acquisition,SA-8,SECURITY ENGINEERING PRINCIPLES,SC-2
SA,System and Services Acquisition,SA-8,SECURITY ENGINEERING PRINCIPLES,SC-3
SA,System and Services Acquisition,SA-9,EXTERNAL INFORMATION SYSTEM SERVICES,CA-3
SA,System and Services Acquisition,SA-9,EXTERNAL INFORMATION SYSTEM SERVICES,CA-6
SA,System and Services Acquisition,SA-9,EXTERNAL INFORMATION SYSTEM SERVICES,CM-7
SA,System and Services Acquisition,SA-9,EXTERNAL INFORMATION SYSTEM SERVICES,IR-7
SA,System and Services Acquisition,SA-9,EXTERNAL INFORMATION SYSTEM SERVICES,RA-3
SA,System and Services Acquisition,SA-9,EXTERNAL INFORMATION SYSTEM SERVICES,PS-7
SC,System and Communications Protection,SC-1,SYSTEM AND COMMUNICATIONS PROTECTION POLICY AND PROCEDURES,PM-9
SC,System and Communications Protection,SC-12,CRYPTOGRAPHIC KEY ESTABLISHMENT AND MANAGEMENT,SC-13
SC,System and Communications Protection,SC-12,CRYPTOGRAPHIC KEY ESTABLISHMENT AND MANAGEMENT,SC-17
SC,System and Communications Protection,SC-13,CRYPTOGRAPHIC PROTECTION,AC-2
SC,System and Communications Protection,SC-13,CRYPTOGRAPHIC PROTECTION,AC-3
SC,System and Communications Protection,SC-13,CRYPTOGRAPHIC PROTECTION,AC-7
SC,System and Communications Protection,SC-13,CRYPTOGRAPHIC PROTECTION,AC-17
SC,System and Communications Protection,SC-13,CRYPTOGRAPHIC PROTECTION,AC-18
SC,System and Communications Protection,SC-13,CRYPTOGRAPHIC PROTECTION,AU-9
SC,System and Communications Protection,SC-13,CRYPTOGRAPHIC PROTECTION,AU-10
SC,System and Communications Protection,SC-13,CRYPTOGRAPHIC PROTECTION,CM-11
SC,System and Communications Protection,SC-13,CRYPTOGRAPHIC PROTECTION,CP-9
SC,System and Communications Protection,SC-13,CRYPTOGRAPHIC PROTECTION,IA-3
SC,System and Communications Protection,SC-13,CRYPTOGRAPHIC PROTECTION,IA-7
SC,System and Communications Protection,SC-13,CRYPTOGRAPHIC PROTECTION,MA-4
SC,System and Communications Protection,SC-13,CRYPTOGRAPHIC PROTECTION,MP-2
SC,System and Communications Protection,SC-13,CRYPTOGRAPHIC PROTECTION,MP-4
SC,System and Communications Protection,SC-13,CRYPTOGRAPHIC PROTECTION,MP-5
SC,System and Communications Protection,SC-13,CRYPTOGRAPHIC PROTECTION,SA-4
SC,System and Communications Protection,SC-13,CRYPTOGRAPHIC PROTECTION,SC-8
SC,System and Communications Protection,SC-13,CRYPTOGRAPHIC PROTECTION,SC-12
SC,System and Communications Protection,SC-13,CRYPTOGRAPHIC PROTECTION,SC-28
SC,System and Communications Protection,SC-13,CRYPTOGRAPHIC PROTECTION,SI-7
SC,System and Communications Protection,SC-15,COLLABORATIVE COMPUTING DEVICES,AC-21
SC,System and Communications Protection,SC-17,PUBLIC KEY INFRASTRUCTURE CERTIFICATES,SC-12
SC,System and Communications Protection,SC-18,MOBILE CODE,AU-2
SC,System and Communications Protection,SC-18,MOBILE CODE,AU-12
SC,System and Communications Protection,SC-18,MOBILE CODE,CM-2
SC,System and Communications Protection,SC-18,MOBILE CODE,CM-6
SC,System and Communications Protection,SC-18,MOBILE CODE,SI-3
SC,System and Communications Protection,SC-19,VOICE OVER INTERNET PROTOCOL,CM-6
SC,System and Communications Protection,SC-19,VOICE OVER INTERNET PROTOCOL,SC-7
SC,System and Communications Protection,SC-19,VOICE OVER INTERNET PROTOCOL,SC-15
SC,System and Communications Protection,SC-2,APPLICATION PARTITIONING,SA-4
SC,System and Communications Protection,SC-2,APPLICATION PARTITIONING,SA-8
SC,System and Communications Protection,SC-2,APPLICATION PARTITIONING,SC-3
SC,System and Communications Protection,SC-20,SECURE NAME / ADDRESS RESOLUTION SERVICE (AUTHORITATIVE SOURCE),AU-10
SC,System and Communications Protection,SC-20,SECURE NAME / ADDRESS RESOLUTION SERVICE (AUTHORITATIVE SOURCE),SC-8
SC,System and Communications Protection,SC-20,SECURE NAME / ADDRESS RESOLUTION SERVICE (AUTHORITATIVE SOURCE),SC-12
SC,System and Communications Protection,SC-20,SECURE NAME / ADDRESS RESOLUTION SERVICE (AUTHORITATIVE SOURCE),SC-13
SC,System and Communications Protection,SC-20,SECURE NAME / ADDRESS RESOLUTION SERVICE (AUTHORITATIVE SOURCE),SC-21
SC,System and Communications Protection,SC-20,SECURE NAME / ADDRESS RESOLUTION SERVICE (AUTHORITATIVE SOURCE),SC-22
SC,System and Communications Protection,SC-21,SECURE NAME / ADDRESS RESOLUTION SERVICE (RECURSIVE OR CACHING RESOLVER),SC-20
SC,System and Communications Protection,SC-21,SECURE NAME / ADDRESS RESOLUTION SERVICE (RECURSIVE OR CACHING RESOLVER),SC-22
SC,System and Communications Protection,SC-22,ARCHITECTURE AND PROVISIONING FOR NAME / ADDRESS RESOLUTION SERVICE,SC-2
SC,System and Communications Protection,SC-22,ARCHITECTURE AND PROVISIONING FOR NAME / ADDRESS RESOLUTION SERVICE,SC-20
SC,System and Communications Protection,SC-22,ARCHITECTURE AND PROVISIONING FOR NAME / ADDRESS RESOLUTION SERVICE,SC-21
SC,System and Communications Protection,SC-22,ARCHITECTURE AND PROVISIONING FOR NAME / ADDRESS RESOLUTION SERVICE,SC-24
SC,System and Communications Protection,SC-23,SESSION AUTHENTICITY,SC-8
SC,System and Communications Protection,SC-23,SESSION AUTHENTICITY,SC-10
SC,System and Communications Protection,SC-23,SESSION AUTHENTICITY,SC-11
SC,System and Communications Protection,SC-24,FAIL IN KNOWN STATE,CP-2
SC,System and Communications Protection,SC-24,FAIL IN KNOWN STATE,CP-10
SC,System and Communications Protection,SC-24,FAIL IN KNOWN STATE,CP-12
SC,System and Communications Protection,SC-24,FAIL IN KNOWN STATE,SC-7
SC,System and Communications Protection,SC-24,FAIL IN KNOWN STATE,SC-22
SC,System and Communications Protection,SC-28,PROTECTION OF INFORMATION AT REST,AC-3
SC,System and Communications Protection,SC-28,PROTECTION OF INFORMATION AT REST,AC-19
SC,System and Communications Protection,SC-28,PROTECTION OF INFORMATION AT REST,AC-6
SC,System and Communications Protection,SC-28,PROTECTION OF INFORMATION AT REST,SC-12
SC,System and Communications Protection,SC-28,PROTECTION OF INFORMATION AT REST,CA-7
SC,System and Communications Protection,SC-28,PROTECTION OF INFORMATION AT REST,CM-3
SC,System and Communications Protection,SC-28,PROTECTION OF INFORMATION AT REST,CM-5
SC,System and Communications Protection,SC-28,PROTECTION OF INFORMATION AT REST,CM-6
SC,System and Communications Protection,SC-28,PROTECTION OF INFORMATION AT REST,PE-3
SC,System and Communications Protection,SC-28,PROTECTION OF INFORMATION AT REST,SC-8
SC,System and Communications Protection,SC-28,PROTECTION OF INFORMATION AT REST,SC-13
SC,System and Communications Protection,SC-28,PROTECTION OF INFORMATION AT REST,SI-3
SC,System and Communications Protection,SC-28,PROTECTION OF INFORMATION AT REST,SI-7
SC,System and Communications Protection,SC-3,SECURITY FUNCTION ISOLATION,AC-3
SC,System and Communications Protection,SC-3,SECURITY FUNCTION ISOLATION,AC-6
SC,System and Communications Protection,SC-3,SECURITY FUNCTION ISOLATION,SA-4
SC,System and Communications Protection,SC-3,SECURITY FUNCTION ISOLATION,SA-5
SC,System and Communications Protection,SC-3,SECURITY FUNCTION ISOLATION,SA-8
SC,System and Communications Protection,SC-3,SECURITY FUNCTION ISOLATION,SA-13
SC,System and Communications Protection,SC-3,SECURITY FUNCTION ISOLATION,SC-2
SC,System and Communications Protection,SC-3,SECURITY FUNCTION ISOLATION,SC-7
SC,System and Communications Protection,SC-3,SECURITY FUNCTION ISOLATION,SC-39
SC,System and Communications Protection,SC-39,PROCESS ISOLATION,AC-3
SC,System and Communications Protection,SC-39,PROCESS ISOLATION,AC-4
SC,System and Communications Protection,SC-39,PROCESS ISOLATION,AC-6
SC,System and Communications Protection,SC-39,PROCESS ISOLATION,SA-4
SC,System and Communications Protection,SC-39,PROCESS ISOLATION,SA-5
SC,System and Communications Protection,SC-39,PROCESS ISOLATION,SA-8
SC,System and Communications Protection,SC-39,PROCESS ISOLATION,SC-2
SC,System and Communications Protection,SC-39,PROCESS ISOLATION,SC-3
SC,System and Communications Protection,SC-4,INFORMATION IN SHARED RESOURCES,AC-3
SC,System and Communications Protection,SC-4,INFORMATION IN SHARED RESOURCES,AC-4
SC,System and Communications Protection,SC-4,INFORMATION IN SHARED RESOURCES,MP-6
SC,System and Communications Protection,SC-5,DENIAL OF SERVICE PROTECTION,SC-6
SC,System and Communications Protection,SC-5,DENIAL OF SERVICE PROTECTION,SC-7
SC,System and Communications Protection,SC-7,BOUNDARY PROTECTION,AC-4
SC,System and Communications Protection,SC-7,BOUNDARY PROTECTION,SC-8
SC,System and Communications Protection,SC-7,BOUNDARY PROTECTION,AC-3
SC,System and Communications Protection,SC-7,BOUNDARY PROTECTION,SI-3
SC,System and Communications Protection,SC-7,BOUNDARY PROTECTION,SA-8
SC,System and Communications Protection,SC-7,BOUNDARY PROTECTION,CP-2
SC,System and Communications Protection,SC-7,BOUNDARY PROTECTION,CA-9
SC,System and Communications Protection,SC-7,BOUNDARY PROTECTION,AC-17
SC,System and Communications Protection,SC-7,BOUNDARY PROTECTION,AU-2
SC,System and Communications Protection,SC-7,BOUNDARY PROTECTION,SC-2
SC,System and Communications Protection,SC-7,BOUNDARY PROTECTION,SC-24
SC,System and Communications Protection,SC-7,BOUNDARY PROTECTION,SC-3
SC,System and Communications Protection,SC-7,BOUNDARY PROTECTION,CA-3
SC,System and Communications Protection,SC-7,BOUNDARY PROTECTION,SC-3
SC,System and Communications Protection,SC-7,BOUNDARY PROTECTION,CM-7
SC,System and Communications Protection,SC-7,BOUNDARY PROTECTION,CP-8
SC,System and Communications Protection,SC-7,BOUNDARY PROTECTION,IR-4
SC,System and Communications Protection,SC-7,BOUNDARY PROTECTION,RA-3
SC,System and Communications Protection,SC-7,BOUNDARY PROTECTION,SC-5
SC,System and Communications Protection,SC-7,BOUNDARY PROTECTION,SC-13
SC,System and Communications Protection,SC-8,TRANSMISSION CONFIDENTIALITY AND INTEGRITY,AC-17
SC,System and Communications Protection,SC-8,TRANSMISSION CONFIDENTIALITY AND INTEGRITY,SC-13
SC,System and Communications Protection,SC-8,TRANSMISSION CONFIDENTIALITY AND INTEGRITY,PE-4
SI,System and Information Integrity,SI-1,SYSTEM AND INFORMATION INTEGRITY POLICY AND PROCEDURES,PM-9
SI,System and Information Integrity,SI-11,ERROR HANDLING,AU-2
SI,System and Information Integrity,SI-11,ERROR HANDLING,AU-3
SI,System and Information Integrity,SI-11,ERROR HANDLING,SC-31
SI,System and Information Integrity,SI-12,INFORMATION HANDLING AND RETENTION,AC-16
SI,System and Information Integrity,SI-12,INFORMATION HANDLING AND RETENTION,AU-5
SI,System and Information Integrity,SI-12,INFORMATION HANDLING AND RETENTION,AU-11
SI,System and Information Integrity,SI-12,INFORMATION HANDLING AND RETENTION,MP-2
SI,System and Information Integrity,SI-12,INFORMATION HANDLING AND RETENTION,MP-4
SI,System and Information Integrity,SI-16,MEMORY PROTECTION,AC-25
SI,System and Information Integrity,SI-16,MEMORY PROTECTION,SC-3
SI,System and Information Integrity,SI-2,FLAW REMEDIATION,CA-2
SI,System and Information Integrity,SI-2,FLAW REMEDIATION,CM-6
SI,System and Information Integrity,SI-2,FLAW REMEDIATION,CA-7
SI,System and Information Integrity,SI-2,FLAW REMEDIATION,SI-4
SI,System and Information Integrity,SI-2,FLAW REMEDIATION,CM-3
SI,System and Information Integrity,SI-2,FLAW REMEDIATION,CM-5
SI,System and Information Integrity,SI-2,FLAW REMEDIATION,CM-8
SI,System and Information Integrity,SI-2,FLAW REMEDIATION,MA-2
SI,System and Information Integrity,SI-2,FLAW REMEDIATION,IR-4
SI,System and Information Integrity,SI-2,FLAW REMEDIATION,RA-5
SI,System and Information Integrity,SI-2,FLAW REMEDIATION,SA-10
SI,System and Information Integrity,SI-2,FLAW REMEDIATION,SA-11
SI,System and Information Integrity,SI-2,FLAW REMEDIATION,SI-11
SI,System and Information Integrity,SI-3,MALICIOUS CODE PROTECTION,CM-3
SI,System and Information Integrity,SI-3,MALICIOUS CODE PROTECTION,AU-2
SI,System and Information Integrity,SI-3,MALICIOUS CODE PROTECTION,SI-8
SI,System and Information Integrity,SI-3,MALICIOUS CODE PROTECTION,MP-2
SI,System and Information Integrity,SI-3,MALICIOUS CODE PROTECTION,SI-8
SI,System and Information Integrity,SI-3,MALICIOUS CODE PROTECTION,SA-4
SI,System and Information Integrity,SI-3,MALICIOUS CODE PROTECTION,SA-8
SI,System and Information Integrity,SI-3,MALICIOUS CODE PROTECTION,SA-12
SI,System and Information Integrity,SI-3,MALICIOUS CODE PROTECTION,SA-13
SI,System and Information Integrity,SI-3,MALICIOUS CODE PROTECTION,SC-7
SI,System and Information Integrity,SI-3,MALICIOUS CODE PROTECTION,SC-26
SI,System and Information Integrity,SI-3,MALICIOUS CODE PROTECTION,SC-44
SI,System and Information Integrity,SI-3,MALICIOUS CODE PROTECTION,SI-2
SI,System and Information Integrity,SI-3,MALICIOUS CODE PROTECTION,SI-4
SI,System and Information Integrity,SI-3,MALICIOUS CODE PROTECTION,SI-7
SI,System and Information Integrity,SI-4,INFORMATION SYSTEM MONITORING,AC-3
SI,System and Information Integrity,SI-4,INFORMATION SYSTEM MONITORING,AU-5
SI,System and Information Integrity,SI-4,INFORMATION SYSTEM MONITORING,AC-18
SI,System and Information Integrity,SI-4,INFORMATION SYSTEM MONITORING,AU-6
SI,System and Information Integrity,SI-4,INFORMATION SYSTEM MONITORING,AC-6
SI,System and Information Integrity,SI-4,INFORMATION SYSTEM MONITORING,AC-4
SI,System and Information Integrity,SI-4,INFORMATION SYSTEM MONITORING,PE-6
SI,System and Information Integrity,SI-4,INFORMATION SYSTEM MONITORING,IA-3
SI,System and Information Integrity,SI-4,INFORMATION SYSTEM MONITORING,CM-7
SI,System and Information Integrity,SI-4,INFORMATION SYSTEM MONITORING,AC-8
SI,System and Information Integrity,SI-4,INFORMATION SYSTEM MONITORING,SA-5
SI,System and Information Integrity,SI-4,INFORMATION SYSTEM MONITORING,AC-17
SI,System and Information Integrity,SI-4,INFORMATION SYSTEM MONITORING,SA-9
SI,System and Information Integrity,SI-4,INFORMATION SYSTEM MONITORING,AU-2
SI,System and Information Integrity,SI-4,INFORMATION SYSTEM MONITORING,AU-6
SI,System and Information Integrity,SI-4,INFORMATION SYSTEM MONITORING,AU-7
SI,System and Information Integrity,SI-4,INFORMATION SYSTEM MONITORING,AU-9
SI,System and Information Integrity,SI-4,INFORMATION SYSTEM MONITORING,AU-12
SI,System and Information Integrity,SI-4,INFORMATION SYSTEM MONITORING,CA-7
SI,System and Information Integrity,SI-4,INFORMATION SYSTEM MONITORING,IR-4
SI,System and Information Integrity,SI-4,INFORMATION SYSTEM MONITORING,PE-3
SI,System and Information Integrity,SI-4,INFORMATION SYSTEM MONITORING,RA-5
SI,System and Information Integrity,SI-4,INFORMATION SYSTEM MONITORING,SC-7
SI,System and Information Integrity,SI-4,INFORMATION SYSTEM MONITORING,SC-26
SI,System and Information Integrity,SI-4,INFORMATION SYSTEM MONITORING,SC-35
SI,System and Information Integrity,SI-4,INFORMATION SYSTEM MONITORING,SI-3
SI,System and Information Integrity,SI-4,INFORMATION SYSTEM MONITORING,SI-7
SI,System and Information Integrity,SI-5,"SECURITY ALERTS, ADVISORIES, AND DIRECTIVES",SI-2
SI,System and Information Integrity,SI-6,SECURITY FUNCTION VERIFICATION,CA-7
SI,System and Information Integrity,SI-6,SECURITY FUNCTION VERIFICATION,CM-6
SI,System and Information Integrity,SI-7,"SOFTWARE, FIRMWARE, AND INFORMATION INTEGRITY",SA-12
SI,System and Information Integrity,SI-7,"SOFTWARE, FIRMWARE, AND INFORMATION INTEGRITY",IR-4
SI,System and Information Integrity,SI-7,"SOFTWARE, FIRMWARE, AND INFORMATION INTEGRITY",SA-5
SI,System and Information Integrity,SI-7,"SOFTWARE, FIRMWARE, AND INFORMATION INTEGRITY",SC-8
SI,System and Information Integrity,SI-7,"SOFTWARE, FIRMWARE, AND INFORMATION INTEGRITY",IR-5
SI,System and Information Integrity,SI-7,"SOFTWARE, FIRMWARE, AND INFORMATION INTEGRITY",SC-13
SI,System and Information Integrity,SI-7,"SOFTWARE, FIRMWARE, AND INFORMATION INTEGRITY",SI-4
SI,System and Information Integrity,SI-7,"SOFTWARE, FIRMWARE, AND INFORMATION INTEGRITY",SI-3
SI,System and Information Integrity,SI-8,SPAM PROTECTION,AT-2
SI,System and Information Integrity,SI-8,SPAM PROTECTION,AU-3
SI,System and Information Integrity,SI-8,SPAM PROTECTION,AT-3
SI,System and Information Integrity,SI-8,SPAM PROTECTION,SI-2
SI,System and Information Integrity,SI-8,SPAM PROTECTION,SC-5
SI,System and Information Integrity,SI-8,SPAM PROTECTION,SI-7
SI,System and Information Integrity,SI-8,SPAM PROTECTION,SC-7
SI,System and Information Integrity,SI-8,SPAM PROTECTION,SI-3
